SiteName,Watershed,VisitID,UTMEasting,UTMNorthing,UTMZone,Latitude,Longitude,Year,Alk,Area_Bf,Area_Wet,BfBraid,BfVol,BfWDRat_Avg,BfWDRat_CV,BfWdth_Avg,BfWdth_CV,ChnlUnitTotal_Ct,Cond,DetrendElev_SD,DpthBf_Avg,DpthBf_Max,DpthThlwg_Avg,DpthThlwg_UF_CV,DpthWet_SD,DriftBioMass,FishCovAqVeg,FishCovArt,FishCovLW,FishCovNone,FishCovTVeg,FishCovTotal,FstNT_Area,FstNT_Freq,FstNT_Vol,FstTurb_Area,FstTurb_Freq,FstTurb_Vol,Grad,LWFreq_Bf,LWFreq_Wet,LWVol_Bf,LWVol_BfFstNT,Lgth_Wet,PoolResidDpth,Q,RipCovBigTree,RipCovCanNone,RipCovConif,RipCovGrnd,RipCovGrndNone,RipCovNonWood,RipCovUstory,RipCovUstoryNone,RipCovWood,SCSm_Area,SCSm_Freq,SC_Area_Pct,Sin,SlowWater_Area,SlowWater_Freq,SlowWater_Vol,SolarSummr_Avg,SubD16,SubD50,SubD84,SubEmbed_Avg,SubEmbed_SD,SubEstBldr,SubEstCbl,SubEstGrvl,SubEstSandFines,SubLT2,SubLT6,UcutArea_Pct,UcutLgth_Pct,Ucut_Area,WetBraid,WetSCL_Area,WetSC_Pct,WetVol,WetWDRat_Avg,WetWDRat_CV,WetWdth_Avg,WetWdth_CV,Planform,Threads,Bedform,Substrate,Confinement,DamCount,BeaverDamDensity,AreaRatio_WetToBF,ChnlUnit_Freq
ENT00001-3C1,Entiat,4212,691608,5306592,10N,47.88,-120.43,2016,22,10297.2403,7755.115,1,13541.9382,34.8091,0.485,28.698,0.2418,12,31.8,1.1183,1.1177,3.3121,0.8398,0.4815,0.3881,NA,0.2834,2.9578,7.464,80.5303,8.7645,19.4697,894.6857,0.3392,310.2695,704.6262,0.3392,132.4313,0.3003,61.0608,27.8166,27.8459,9.4155,294.788,0.6453,4.306,20.5,58.5,18,19.5,80.5,14.5,50.5,49.5,97,53.1391,0.3392,2.076,1.1143,6054.5984,3.3923,3509.7508,69.5957,5,52,144,4.4,7.5768,7.576,28.4469,29.3844,34.5927,23.1111,30.2963,0.36,8.8538,27.92,1,0,0.69,3957.3916,52.2605,0.5264,22.6869,0.1448,Wandering,Transitional,Pool-Riffle,cobble-gravel,PCV,1,3.4,0.75,4.1
CBW05583-215442,SouthForkSalmon,3169,583159,5018063,11N,45.31,-115.93,2015,22,1341.1352,1249.2997,1,843.8419,15.4896,0.2996,8.4805,0.1805,6,32.1,0.4812,0.5889,1.1576,0.6004,0.2872,0.1944,0,51.3572,0,0.2903,48.1313,0.2212,51.8687,0,0,0,0,0,0,0.297,2.5776,2.5776,0.6413,0,155.1841,0.3914,0.3152,0,100,0,37,63,27,22.5,77.5,32.5,0,0,0,1.4574,1240.2854,3.8664,572.627,86.3999,NA,NA,NA,NA,NA,0,14.768,56.5345,28.6975,25.9932,36.4619,4.6618,48.6519,58.24,1,0, -   ,572.627,19.5852,0.3962,7.9846,0.1779,Meandering,Single,Pool-Riffle,gravel,PCV,1,6.4,0.93,3.9
CBW05583-109611,Tucannon,4144,424594,5151334,11N,46.51,-117.98,2016,100,625.7319,506.8256,1,337.3111,9.6041,0.9613,4.6778,0.4147,11,186.9,1.7199,0.5719,1.7104,0.5851,0.4541,0.3052,NA,11.7563,0.2296,3.5044,76.4402,15.2573,30.7477,217.6934,3.748,70.5569,0,0,0,0.4921,2.9984,2.2488,1.044,0.4942,133.4029,0.4956,0.1571,1.5,98,0,62.5,37.5,72.5,19,81,11,0,0,0,1.1597,289.2538,4.4977,169.7734,68.8554,3,25,51,16.3125,27.2068,0.8639,3.292,30.6841,65.1601,38.551,41.7167,7.4286,29.797,37.65,1,0, -   ,240.3302,11.5636,0.9859,3.8284,0.3939,Wandering,Transitional,Pool-Riffle,gravel-sand,PCV,1,7.5,0.81,8.2
CBW05583-276351,Tucannon,4912,447640,5131638,11N,46.33,-117.67,2017,44,4268.7319,2817.3559,1,2505.9065,28.8945,0.6526,15.8623,0.4209,19,78,0.5465,0.545,1.902,0.6483,0.4022,0.2537,NA,0.0509,0.0073,7.0167,87.5547,5.3703,12.4453,460.0577,0.7201,144.9815,902.2095,1.8003,225.0557,0.9085,42.846,19.8028,33.9389,0.4021,277.7387,0.509,1.952,1.5,88,3.5,32,68,24,37,63,57,0,0,0,1.577,1435.6608,4.3206,638.4732,78.1426,19,53,110,15.3239,23.4385,2.4472,15.0873,57.2735,25.1921,9.8,17.1333,1.6583,15.0051,46.72,1,0, -   ,1014.6147,31.9998,1.0644,10.0863,0.4074,Wandering,Transitional,Pool-Riffle,gravel,PCV,1,3.6,0.66,6.8
YFI00001-001129,YankeeFork,4883,681554,4912207,11N,44.33,-114.72,2017,56,1815.769,1020.7309,1,903.907,10.6264,0.5655,5.8215,0.2646,6,105.4,0.7817,0.411,1.4485,0.6397,0.2696,0.2258,NA,17.7168,0,9.7182,78.7195,4.568,32.003,209.3134,1.0063,64.3165,0,0,0,0.1612,24.6542,19.6227,17.1028,1.0228,198.7491,0.5283,0.1709,0,100,0,23.5,76.5,27,15.5,84.5,12,0,0,0,1.0364,737.3231,2.0126,322.1743,82.9311,0.0419,1,53,23.7917,22.791,0,3.3036,5.9259,90.7705,65.1667,66.8333,0,0,NA,1,0, -   ,386.4908,10.2161,0.2872,4.324,0.1691,Straight,Single,Beaver-Dammed,gravel-sand,PCV,1,5,0.56,3
JDW00001-Lower Owens 2,JohnDay,1954,721975,4941450,10N,44.59,-120.2,2013,115,3328.0204,2179.5302,NA,662.8562,NA,NA,NA,NA,NA,284,0.5059,0.2387,1.0174,NA,NA,0.2197,2.00E-04,NA,NA,NA,NA,NA,NA,NA,NA,NA,NA,NA,NA,NA,0,0,0.251,0,125,NA,0.0762,0,96.5,0,80.5,19.5,72.5,46.5,53.5,58,NA,NA,NA,NA,NA,NA,NA,93.3091,0.02,5,56,4.8929,7.0224,NA,NA,NA,NA,100,100,0,0,NA,NA,NA, NA ,530.7372,NA,NA,NA,NA,Anabranching,Multi,Beaver-Dammed,sand,PCV,4,32,0.65, NA 
JDW00001-Sunflower 2,JohnDay,4454,714440,4953942,10N,44.7,-120.29,2016,244,4570.6395,2738.3451,1.5216,2578.7193,41.9951,0.5119,16.5601,0.4599,9,448,0.6661,0.3908,1.5471,0.7041,0.3237,0.2878,NA,4.0343,0,9.4303,65.8571,20.6783,34.1429,583.0611,1.3414,219.2356,4.6913,0.4471,0.3952,0.5585,0,0,0,0,223.6533,0.3178,0.4169,0,98.5,0,75.5,24.5,87,25,75,15,380.6322,1.3414,9.8955,1.0891,1760.1187,2.2356,623.2824,NA,NA,NA,NA,NA,NA,0,9.1621,3.5931,87.2448,NA,NA,0,0,NA,1.6281,0,13.95,886.4133,29.2539,0.6621,11.6922,0.5569,Wandering,Transitional,Beaver-Dammed,gravel-sand,PCV,4,17.9,0.60,4
Stky-P5-Ex3,UpperGrandeRonde,4555,374361,5015676,11N,45.28,-118.6,2017,52,1263.0232,1027.801,1,739.3972,34.3313,0.4744,9.9022,0.2933,8,66.4,0.3815,0.3274,1.3954,0.5454,0.4091,0.2287,NA,0,0,0.8279,95,4.6234,5.4513,375.3704,1.6435,99.6458,51.3334,0.8218,4.4403,0.3029,4.9305,0.8218,1.2758,0,121.6909,0.3582,0.0179,0,98.5,7,46,54,39.5,8,92,16,32.731,0.8218,4.843,1.31,572.9847,4.1088,204.1901,85.551,12,32,69,20.4474,18.4373,0,8.1256,41.2247,50.6497,2.6667,4.3333,0.7813,12.1209,8.03,1,0,3.17,316.8883,29.6218,0.5108,8.1001,0.2763,Meandering,Transitional,Beaver-Dammed,gravel-sand,PCV,4,32.9,0.81,6.6
ENT00001-Wilson,Entiat,3337,701042,5285933,10N,47.69,-120.32,2015,34,1948.3477,1236.4366,1,801.1493,21.4458,0.6873,8.5376,0.5447,10,57.8,0.7707,0.3742,1.864,0.4853,0.6969,0.3043,8.00E-04,0,0,16.3254,71.5657,12.1089,28.4343,50.052,0.4817,8.7916,90.0137,1.4451,10.7966,1.3633,99.7105,67.9187,50.999,0.6953,207.601,0.6606,0.0401,25,70,1,27,73,17,45,55,85,0,0,0,1.0677,1096.25,2.8902,388.5359,30.9304,0.0322,21,112,15.6154,19.5986,0.5476,2.7554,3.0153,93.6817,100,100,0,0,0,1,0, -   ,408.1242,22.3734,0.5217,5.6748,0.5841,Straight,Single,Beaver-Dammed,sand,PCV,5,24.1,0.63,4.8
JDW00001-Corral B,JohnDay,3618,715088,4952726,10N,44.69,-120.28,2015,NA,NA,NA,NA,NA,NA,NA,NA,NA,NA,NA,NA,NA,NA,NA,NA,NA,NA,NA,NA,NA,NA,NA,NA,NA,NA,NA,NA,NA,NA,NA,NA,NA,NA,NA,125,NA,NA,NA,NA,NA,NA,NA,NA,NA,NA,NA,NA,NA,NA,NA,NA,NA,NA,NA,NA,NA,NA,NA,NA,NA,NA,NA,NA,NA,NA,NA,NA,NA,NA,NA, NA ,NA,NA,NA,NA,NA,Anabranching,Multi,Beaver-Dammed,gravel-sand,PCV,5,40, NA , NA 
JDW00001-Pats Cabin B,JohnDay,4483,715378,4952037,10N,44.68,-120.28,2016,218,5051.5187,3098.3457,1,1699.4684,88.784,0.6778,22.8355,0.4816,15,518,0.9887,0.3129,1.4921,0.5912,0.4011,0.2253,NA,1.7154,0,5.0668,79.0186,14.2656,21.0478,141.8428,0.8468,15.5401,0,0,0,0.9128,0,0,0,0,236.1835,0.5085,0.2647,0,100,0.5,69.5,30.5,70.5,27,73,26,0,0,0,1.2737,2720.7719,5.5042,747.8762,90.8584,NA,NA,NA,NA,NA,0.2144,2.8624,6.4934,90.4298,NA,NA,0,0,NA,1,0, -   ,786.2488,57.1559,0.8233,12.6708,0.5471,Anabranching,Multi,Beaver-Dammed,gravel-sand,PCV,11,46.6,0.61,6.4
CBW05583-193375,Lemhi,22,297782,4985682,12N,44.99,-113.56,2011,32,548.0635,461.4509,1.1427,153.0179,16.068,0.3144,3.8565,0.2299,14,67.4,0.4788,0.2521,0.9067,0.2389,0.33,0.0874,5.00E-04,NA,0,5.4645,45.6102,46.9642,54.3898,84.471,1.5697,13.6259,290.8158,6.2789,42.7913,2.4042,9.4184,7.8487,0.4033,0,127.41,0.1883,0.249,7.5,79,0,97.5,2.5,59.4,66.4,33.6,125.5,0,0,0,1.2532,75.8932,3.1395,15.817,42.1868,11,30,56,NA,NA,0,10.1983,69.3732,20.4284,9.6773,20.1879,0,0,NA,1.2334,53.1127,11.77,72.3699,20.9315,0.4232,3.1925,0.2726,Wandering,Transitional,Pool-Riffle,gravel-sand,PCV,0,0,0.84,11
CBW05583-199103,Upper Grande Ronde,85,420223,5055877,11N,45.65,-118.02,2011,16,382.6441,292.0592,1,90.2625,17.5255,0.3017,3.6187,0.1834,15,27.2,0.8451,0.2288,1.0133,0.1553,0.704,0.0857,4.00E-04,NA,0,2.1419,68.3312,27.5063,31.6688,0,0,0,240.3127,12.2566,21.9157,3.686,6.5997,3.7713,0.9293,0,106.0652,0.3819,0.0713,23.5,69,40.75,62.5,37.5,36,42.5,57.5,100,0,0,0,1.0516,24.5298,1.8856,4.204,17.258,8,55,140,NA,NA,3.8487,45.5983,43.8613,6.8187,7.6,10.4,0,0,NA,1,0, -   ,27.4548,27.686,0.649,2.7334,0.2191,Sinuous,Single,Rapid,cobble-gravel,CV,0,0,0.76,14.1
OJD03458-000017,John Day,157,358013,4940751,11N,44.6,-118.78,2011,120,467.6332,226.3609,1,115.7664,14.7193,0.4281,4.2953,0.2802,12,187.8,0.2931,0.2836,0.704,0.1403,0.4108,0.0563,1.00E-04,NA,0,5.4502,73.1558,19.1895,27.7194,20.0689,1.7832,2.506,150.0426,5.3497,13.9218,4.5141,10.6993,7.1329,3.982,0.0204,112.1567,0.1479,0.034,10,72.9,43.85,50.5,49.5,29.8,47.2,52.8,95,0,0,0,1.1212,45.771,3.5664,5.7577,8.0474,2,44,105,NA,NA,7.8607,30.7343,37.8584,23.5466,30.3765,47.4706,0,0,NA,1,0, -   ,22.3075,22.2865,0.9267,2.0103,0.2998,Sinuous,Single,Rapid,cobble-gravel-sand,CV,0,0,0.48,10.7
CBW05583-206111,South Fork Salmon,197,600107,4992642,11N,45.08,-115.72,2011,24,989.8743,781.2702,1.2403,548.8347,11.6644,0.3736,6.6219,0.2954,13,20.8,1.2092,0.5567,1.6026,0.3171,0.5915,0.1738,3.00E-04,NA,0,19.7059,58.893,24.895,51.5383,0,0,0,670.1546,6.8149,123.8175,8.7021,206.7191,119.6396,56.2127,0,132.0633,0.5109,0.2012,40.1,31.4,88.6,42.5,57.5,28.8,41.8,58.2,124.1,0,0,0,1.1627,116.681,3.0289,43.315,20.5359,3,82,450,NA,NA,31.2656,20.3992,28.7794,14.2607,12.2037,15.0556,0,0,NA,1.1924,21.543,2.74,167.1339,27.8822,1.2471,5.5734,0.309,Sinuous,Transitional,Cascade,boulder-gravel-sand,CV,0,0,0.79,9.8
LEM00002-000004,Lemhi,294,285056,4998214,12N,45.11,-113.74,2011,196,9359.2351,8763.388,1,5053.0733,40.8991,0.292,21.0676,0.2116,5,440,0.3032,0.5365,1.2003,0.5112,0.2834,0.1465,NA,NA,0,5.42,84.58,5,15.42,4573.7821,0.4515,1661.4896,3450.8575,0.4515,920.9337,0.6074,11.5139,7.4502,12.1871,3.4474,442.9437,0.4825,5.872,10.6,81.4,0,92,8,81.7,25,75,53.9,0,0,0,1.0504,735.8286,0.2258,292.4771,72.2982,20,78,150,NA,NA,1.6166,40.7419,59.2581,0,0,0,0,0,NA,1,0, -   ,2874.9,74.5957,0.4545,19.7638,0.2169,Straight,Single,Plane-Bed,cobble-gravel,PCV,0,0,0.94,1.1
CBW05583-442351,South Fork Salmon,323,619780,4973498,11N,44.9,-115.48,2011,9,1580.402,1156.0936,1,736.9489,13.8353,0.249,9.6946,0.1813,2,53,0.7837,0.528,1.2468,0.4589,0.2313,0.146,NA,NA,2.5391,0.4922,91.9687,5,8.0313,0,0,0,1158.8099,1.2245,341.8318,5.617,5.5101,2.4489,4.1511,0,163.3357,NA,1.4034,7.5,79.4,27.35,27.6,72.4,12.1,25.7,74.3,61.8,0,0,0,1.0307,0,0,0,51.1926,25,150,300,NA,NA,29.8436,40.1564,25,5,NA,NA,0,0,NA,1,0, -   ,341.8318,22.0885,0.2865,7.0671,0.2023,Straight,Single,Rapid,boulder-cobble-gravel,CV,0,0,0.73,1.2
CBW05583-032778,John Day,372,341041,4930770,11N,44.51,-118.99,2011,158,1241.4475,579.4618,1.2596,259.6595,28.43,0.2834,6.2218,0.2701,19,181,0.377,0.2121,0.7109,0.1164,0.6756,0.0684,0,NA,0.5462,0.1526,83.0327,12.6999,16.9907,106.3221,2.3884,7.0841,383.907,6.568,19.2797,1.4218,1.1942,1.1942,0.0407,0.0204,167.4796,0.174,0.0226,7.1,89.2,14.5,66,32.5,41.5,23.5,76.5,58.8,0,0,0,1.1141,107.5687,2.3884,11.8666,NA,10,48,105,NA,NA,8.0431,32.8077,44.6186,14.5095,91.8121,98.5,0,0,NA,1.2924,87.5786,14.65,40.6005,40.0117,0.5653,2.8499,0.4202,Wandering,Transitional,Pool-Riffle,cobble-gravel,PCV,0,0,0.47,11.3
CBW05583-197071,Lemhi,547,321162,4958637,12N,44.75,-113.25,2012,140,405.436,370.6188,1.0871,96.2289,11.9474,0.5323,2.7316,0.3641,16,265,0.3051,0.2388,0.6135,0.2069,0.4858,0.1036,4.00E-04,0.6789,0,2.4943,88.2813,8.5455,11.7187,109.899,2.1364,13.3083,108.8387,4.2727,8.4497,0.865,0,0,0,0,140.426,0.2155,0.0659,0,100,0,69.1,30.9,60,11,89,20.1,0,0,0,1.8463,147.5821,4.9848,31.4158,86.1383,0.4275,16,38,7.275,12.4813,1.9709,9.5393,46.7529,41.7369,25,33.8,4.3792,24.6215,16.23,1.0875,14.7315,4.02,53.1964,12.3412,0.4685,2.4894,0.3468,Meandering,Transitional,Plane-Bed,gravel-sand,UCV,0,0,0.91,11.4
CBW05583-362335,Lemhi,548,NA,NA,12N,45.05,-113.59,2012,34,693.4673,548.1384,1,174.3212,17.1167,0.4817,4.5917,0.3383,17,55.5,2.4392,0.2607,0.9089,0.256,0.4508,0.1089,0.0012,0,0,9.958,57.2173,35.2423,45.2003,30.2062,0.6581,5.4026,279.7687,3.9486,30.2899,2.976,37.5117,26.9821,5.8205,0.2119,151.9526,0.275,0.1265,1.5,91.5,2.5,48.8,51.2,11.5,51.1,48.9,96.9,0,0,0,1.4425,238.1329,6.581,46.2851,53.2792,14,43,98,1.1311,2.5198,8.1183,29.5298,46.8,10.4717,2.2866,7.087,2.565,10.5296,14.06,1,0, -   ,81.9776,23.1859,0.7047,3.579,0.3529,Sinuous,Single,Pool-Riffle,cobble-gravel,CV,0,0,0.79,11.2
ORW03446-077704,Upper Grande Ronde,664,384049,5008477,11N,45.22,-118.47,2012,98,540.4135,349.8866,1.2004,138.5792,19.1598,0.365,3.8347,0.2325,15,128,0.7152,0.2232,0.5886,0.1163,0.56,0.0577,0,0.352,0.0623,9.3508,80.8761,9.3588,19.1239,29.7683,1.6549,1.4657,188.1666,4.9647,10.408,3.0696,116.6713,50.4748,3.6458,0.0611,120.8523,0.133,0.0116,10.7,73,16.3,83.5,16.5,46.3,30.5,69.5,94.7,0,0,0,1.1927,129.8645,5.7922,9.2833,32.613,16,29,58,8.2174,8.8726,6.5218,56.4132,25.2076,11.8573,4.6957,7.913,0.6688,2.8961,2.34,1.0707,30.6756,8.82,21.157,31.2168,0.4545,2.5491,0.2995,Wandering,Transitional,Rapid,cobble-gravel,CV,0,0,0.65,12.4
CBW05583-207602,John Day,665,379777,4938976,11N,44.59,-118.51,2012,65,950.645,816.3564,1,279.8062,18.6949,0.3858,5.8588,0.1558,7,49,0.7953,0.3049,0.6624,0.3117,0.3102,0.1074,3.00E-04,1.6382,0.2456,0.768,92.0284,5.3198,7.9716,656.9292,1.8504,138.8028,75.13,0.6168,12.1717,0.7228,0,0,0,0,162.1314,0.0416,0.3115,0,99,2.5,33.1,66.9,35.6,10.7,89.3,9.2,0,0,0,1.0104,84.2972,1.8504,22.5782,97.9526,0.714,28,123,7.7615,12.1314,12.1102,41.47,33.4893,12.9304,0.4444,14.2222,0,0,NA,1,0, -   ,173.5527,22.018,0.5036,5.0262,0.1489,Straight,Single,Plane-Bed,cobble-gravel,PCV,0,0,0.86,4.3
CBW05583-030354,South Fork Salmon,681,585656,5010605,11N,45.24,-115.9,2012,18,2673.9309,2447.4202,1,1594.8372,18.6756,0.3219,10.2084,0.2186,12,14.5,0.8048,0.5761,1.5053,0.6948,0.3022,0.2441,1.00E-04,37.0051,0,2.4216,78.5345,6.2528,45.6795,789.3004,1.1717,313.1486,138.4105,0.3906,46.2206,0.2007,20.6994,17.1844,8.9383,1.9152,256.0458,0.452,1.908,1.7,93.8,10.8,60.9,39.1,28.7,46.2,53.8,84.6,0,0,0,2.0316,1519.6406,3.1244,820.4352,76.5494,7,19,44,6.6818,13.5356,2.9427,10.8538,60.602,25.6015,17.5763,39.8567,4.4014,59.462,107.72,1,0, -   ,1179.8045,21.1808,0.3621,9.3906,0.2147,Meandering,Single,Pool-Riffle,gravel-sand,UCV,0,0,0.92,4.7
CBW05583-162079,South Fork Salmon,685,593334,5009518,11N,45.23,-115.81,2012,24,7810.7727,6472.964,1,4729.757,30.7726,0.296,19.7729,0.1673,8,22.9,0.7367,0.6199,1.5567,0.4683,0.3441,0.1616,1.00E-04,0.2757,0,1.703,98.0213,0,1.9787,3845.8689,0.7633,1167.4432,1555.8387,0.5089,342.8561,0.2625,6.1064,6.1064,10.5024,10.1516,393.0272,0.3012,1.5454,4,91.5,13,78,22,54.3,21.8,78.2,54,0,0,0,1.0832,1071.2564,0.7633,455.4306,78.2343,19,43,78,5.3868,10.3127,1.6412,25.9897,63.59,8.6872,2.6667,12.4,0.4839,11.7676,31.32,1,0, -   ,1965.7297,59.7137,0.4477,16.063,0.1711,Sinuous,Single,Pool-Riffle,cobble-gravel-sand,PCV,0,0,0.83,2
CBW05583-215442,South Fork Salmon,686,583154,5018021,11N,45.31,-115.93,2012,NA,1318.7649,1231.2677,1,840.3526,16.3053,0.3198,8.1461,0.1916,8,NA,0.4478,0.5659,1.2696,0.6438,0.2302,0.1944,2.00E-04,43.2309,0,0,52.3882,4.3809,47.6118,645.8307,1.92,294.4361,0,0,0,0.2645,0.64,0.64,0.0598,0,156.2462,0.3578,1.8137,0,99.8,0.8,96,4,63.8,42.9,57.1,75.3,0,0,0,1.3769,585.3208,3.2001,346.7228,86.6394,4,32,60,2.4615,6.1023,2.6691,6.6638,83.1595,7.5076,2.3738,10.0033,4.4994,63.6815,55.4,1,0, -   ,641.1602,23.5696,0.5278,7.7133,0.2034,Sinuous,Single,Pool-Riffle,gravel-sand,UCV,0,0,0.93,5.1
CBW05583-410911,South Fork Salmon,699,599893,4991356,11N,45.07,-115.73,2012,24,661.6478,543.1826,1,280.9587,11.2059,0.2941,5.6986,0.163,8,28.5,1.0104,0.4466,1.2245,0.3023,0.3965,0.1248,2.00E-04,0,0,4.3083,91.3367,4.355,8.6633,0,0,0,456.187,3.4423,88.9021,6.3825,25.8173,24.9567,9.6923,0,116.2013,0.3234,0.1215,12,72.4,39,48,52,24.8,28.6,71.4,79.4,0,0,0,1.1909,86.9956,3.4423,22.4825,38.1785,4,57,280,2.95,4.8026,10.8953,21.092,55.9438,11.2376,4.6667,9.5,0.9941,8.3906,5.4,1,0, -   ,111.3845,18.9681,0.3677,4.6625,0.182,Sinuous,Single,Rapid,gravel-sand,CV,0,0,0.82,6.9
CBW05583-438226,South Fork Salmon,701,589927,5013532,11N,45.26,-115.85,2012,22,565.6201,422.0169,1,303.0925,8.8735,0.3539,4.6324,0.2577,17,7.8,0.4358,0.5853,1.3163,0.5215,0.2643,0.2019,1.00E-04,40.2747,0,10.4927,48.0592,11.049,61.8163,90.313,4.2851,26.9904,0,0,0,0.4744,64.2766,56.5634,18.3508,2.7398,116.6833,0.3275,0.1551,3,94,6.5,91.1,8.9,83.6,42.9,57.1,56.4,0,0,0,1.5875,331.386,10.2842,158.6135,53.1946,0.2022,4,27,35,NA,0,2.1526,87.3775,10.4699,10.2142,21.4522,11.7081,70.9185,49.41,1,0, -   ,185.609,10.9826,0.4113,3.5211,0.3068,Meandering,Single,Pool-Riffle,gravel-sand,UCV,0,0,0.75,14.6
OJD03458-000052,John Day,738,379141,4967126,11N,44.84,-118.52,2012,70,2759.3358,2126.6776,1,NA,27.3359,0.3862,11.243,0.2167,NA,174.7,0.5564,NA,NA,0.3737,0.4171,0.157,0,NA,NA,NA,NA,NA,NA,NA,NA,NA,NA,NA,NA,0.6087,1.2289,0.8192,4.3596,4.3393,244.126,NA,0.1752,0,81,29,29.5,70.5,19.5,23.5,76.5,52.5,NA,NA,NA,1.1112,NA,NA,NA,71.0374,0.7851,46,142,8.7759,13.0679,NA,NA,NA,NA,8.0701,16.3294,0.0903,1.0241,1.92,1,NA, NA ,551.0334,39.675,0.5058,8.6673,0.24,Sinuous,Single,Plane-Bed,cobble-gravel-sand,PCV,0,0,0.77, NA 
OJD03458-000529,John Day,747,385416,4976873,11N,44.93,-118.45,2012,34,1080.4493,509.5037,1,560.9113,16.4682,0.25,8.8458,0.1331,3,48.9,0.588,0.5298,1.6254,0.2796,0.5214,0.1534,0,5,0,4.6676,77.0266,13.3058,22.9734,0,0,0,475.6338,1.6207,74.0467,7.3208,23.4997,1.6207,6.9063,0,123.4056,0.7566,0.0056,5,93.5,14.5,38.5,61.5,20.5,36.5,63.5,61,0,0,0,1.1146,33.8699,0.8103,12.4731,63.3315,45,200,474,0.8199,3.393,38.1558,24.3352,16.0294,7.0266,NA,NA,0,0,NA,1,0, -   ,86.5197,21.5183,0.3912,4.1178,0.2295,Sinuous,Single,Cascade,boulder-cobble-gravel,CV,0,0,0.47,2.4
CBW05583-487322,Upper Grande Ronde,797,407504,5016354,11N,45.29,-118.18,2012,50,1265.4442,520.1062,1.3186,320.2678,23.9305,0.3553,6.4223,0.236,17,116.4,0.309,0.2414,0.7199,0.1404,0.5097,0.0688,1.00E-04,4.2376,0,1.3847,94.142,0.7638,6.3861,79.6211,1.2256,6.4716,280.5591,4.2897,19.0285,1.999,10.4179,3.0641,4.0209,0,163.1804,0.2083,0.0071,17.5,80.5,6,74,26,73.5,20,80,40,0,0,0,1.308,159.919,4.9025,20.6111,53.4729,15,60,122,2.0667,5.2698,5.6476,49.8792,42.2332,2.24,2,5,0.6633,3.5237,3.45,1,0, -   ,46.1111,42.2342,0.5604,3.1206,0.2671,Wandering,Transitional,Pool-Riffle,cobble-gravel,UCV,0,0,0.41,10.4
CBW05583-030730,John Day,806,352277,4942707,11N,44.62,-118.86,2012,170,682.5152,447.7078,1,145.2766,26.5636,0.309,5.3876,0.132,11,195,0.4368,0.2155,1.2139,0.1743,0.8826,0.1238,6.00E-04,3.2626,0,13.7147,75.2036,7.8191,24.7964,108.4096,2.3424,7.6063,227.3333,3.1232,15.6977,2.4539,11.7122,6.2465,51.4317,0.5168,128.0718,0.565,0.01,12,87,20.1,49.5,50.5,39.5,13.4,86.6,36.4,0,0,0,1.0456,111.9652,3.1232,23.3349,66.0735,12,46,130,2.9282,6.6937,8.9356,25.3452,50.62,15.0991,14.8421,32,0,0,NA,1,0, -   ,46.6388,39.8942,0.4899,3.4883,0.2204,Straight,Single,Pool-Riffle,cobble-gravel,PCV,0,0,0.66,8.6
CBW05583-232818,John Day,820,317351,4904023,11N,44.26,-119.28,2012,240,470.3791,367.0116,1,NA,17.9743,0.3847,3.801,0.2539,10,443,0.9555,NA,NA,0.1286,1.2575,0.1426,1.00E-04,3.072,0,11.5284,71.9569,13.4428,28.0431,234.8497,3.1538,10.6952,12.4102,0.7884,0.1557,0.4945,16.5573,9.4613,4.6048,3.5334,126.8325,0.4145,NA,5.5,93.5,8,95.5,4.5,131.5,70,30,40.5,0,0,0,2.1133,119.7357,3.9422,23.0169,58.4206,0.3506,6,13,NA,NA,0,0,50.8809,49.1191,47.2181,86.6667,1.6866,8.0815,6.19,1,0, -   ,33.8679,24.4299,0.4918,2.9363,0.3569,Meandering,Single,Plane-Bed,gravel-sand,PCV,0,0,0.78,7.9
CBW05583-502443,Entiat,895,690215,5296362,10N,47.79,-120.46,2012,22,2512.2807,2261.6801,1,1370.8561,24.7751,0.3856,12.7443,0.2123,10,40.3,0.6988,0.5404,1.5973,0.5338,0.3233,0.2009,3.00E-04,0,0,10.4277,83.1096,7.4782,17.9059,0,0,0,1699.31,2.5952,497.6133,1.97,65.3981,20.2423,61.8399,0,192.6661,0.538,2.6971,2.1,94.8,7.1,41,59,26.7,42.5,57.5,62,0,0,0,1.158,562.2734,2.5952,254.6803,67.8195,10,85,295,1.7904,3.7413,19.6772,33.9564,32.4393,13.1395,8.6667,18.6667,0.1614,2.1799,3.65,1,0, -   ,752.2935,33.1082,0.5006,11.4111,0.2299,Sinuous,Single,Pool-Riffle,boulder-cobble-gravel,CV,0,0,0.90,5.2
CBW05583-026031,Lemhi,916,292701,4971582,12N,44.86,-113.62,2012,210,5154.7106,4725.8545,1,2433.6394,39.9941,0.2931,15.5942,0.172,7,498,0.8839,0.4526,2.0907,0.4805,0.3703,0.1746,2.00E-04,0.6852,0.612,8.4201,85.0851,10.3042,20.0215,154.016,0.3105,21.3065,3356.1196,0.9315,967.3275,0.5962,18.0093,7.7626,10.6411,2.7337,322.0556,0.4991,3.2957,3,89.4,0,46,54,28.5,51.5,48.5,79.6,0,0,0,1.1039,1215.6465,0.9315,480.4142,81.6876,0.0406,47,95,23.5254,19.1754,6.8655,39.8271,37.1046,16.2027,39.4955,44.3408,0.2127,5.5115,10.05,1,0, -   ,1469.0483,50.7798,0.4878,14.6652,0.1695,Sinuous,Single,Pool-Riffle,cobble-gravel,PCV,0,0,0.92,2.2
CBW05583-170447,Lemhi,920,309823,4942788,12N,44.61,-113.39,2012,52,1127.9404,920.4294,1,463.7653,13.4161,0.2658,7.0205,0.199,11,97.3,1.1806,0.4533,1.2798,0.4786,0.324,0.1654,2.00E-04,2.7872,0,5.4547,82.7802,11.0284,19.2703,31.4994,0.622,9.8469,373.8784,2.4881,96.6352,2.9029,18.6609,5.5983,1.599,0,160.7638,0.3904,0.7679,5,85.9,17.8,25,75,17.1,41.3,58.7,63.3,0,0,0,1.0667,515.0514,3.7322,177.6602,58.8434,10,41,122,17.0083,20.3017,13.7504,26.2357,40.3204,10.056,8.7897,19.377,0.3118,2.8613,2.87,1,0, -   ,284.1422,17.7342,0.3941,5.7434,0.2256,Sinuous,Single,Step-Pool,cobble-gravel,CV,0,0,0.82,6.8
PIB00001-2286_3769,Region 17,937,504737,4948586,11N,44.69,-116.94,2012,100,707.8252,473.6359,1,130.4884,18.9889,0.3583,4.283,0.1926,14,298,0.7743,0.1994,0.6689,0.1594,0.3479,0.0663,2.00E-04,0,0,4.7613,87.5738,7.6649,12.4262,0,0,0,412.4953,4.2329,33.0751,4.0597,10.8651,4.8289,2.4293,0,165.3726,0.1489,0.0621,5.5,84.6,14.4,39.8,60.2,7.2,47.4,52.6,95.4,0,0,0,1.0951,61.1409,4.2329,7.9946,55.5247,5,30,102,8.5244,17.7673,6.3659,17.0635,46.3952,30.1754,22.2857,34.381,0.1225,0.3023,0.58,1,0, -   ,41.0697,30.0306,0.4448,2.853,0.2201,Sinuous,Single,Rapid,cobble-gravel,CV,0,0,0.67,8.5
CBW05583-080335,Lemhi,1027,309682,4940131,12N,44.58,-113.39,2012,60,1690.3675,1460.9994,1,524.743,22.3407,0.27,8.2976,0.1529,12,35,0.5983,0.3232,0.8817,0.3065,0.3111,0.0974,1.00E-04,0,0,0.923,98.0418,1.0352,1.9582,935.5957,1.9602,169.3351,385.1178,1.9602,59.9147,1.0163,0,0,0,0,204.0636,0.1906,0.5385,0,99.8,0,59,41,23.8,36.8,63.2,72.2,0,0,0,1.125,140.1328,1.9602,37.8887,76.473,16,45,103,7.1286,14.8401,1.6371,45.5769,40.6984,12.0875,1.3333,6.7619,0.3155,4.1041,4.61,1,0, -   ,267.1385,37.2526,0.4564,7.1607,0.1854,Sinuous,Single,Pool-Riffle,cobble-gravel,PCV,0,0,0.86,5.9
CBW05583-028079,Lemhi,1029,282440,4962349,12N,44.78,-113.75,2012,40,1703.5825,1209.4044,1.3246,464.8744,27.8752,0.4463,8.4828,0.2967,18,42,0.6484,0.2872,1.3301,0.2873,0.5885,0.1474,1.00E-04,0,0,1.4796,96.7585,1.7619,3.2415,173.5757,1.6753,29.3467,448.703,3.3506,51.0793,1.5206,7.8182,4.4675,1.6533,0,179.0702,0.3949,0.2675,0.5,99.4,1.2,47.5,52.5,31.2,18.8,81.2,35.7,0,0,0,1.4452,587.9471,5.026,125.716,73.0853,17,42,81,2.8235,5.9286,0.9618,32.9707,51.5964,14.4318,0.2,8.7333,0.6987,6.1428,8.45,1.367,34.2234,2.83,206.142,40.5813,0.8991,5.8135,0.3331,Wandering,Transitional,Pool-Riffle,cobble-gravel,UCV,0,0,0.71,10.1
CBW05583-385561,Methow,1096,690538,5385609,10N,48.59,-120.41,2012,80,18499.5561,12044.2553,1,10460.4244,74.2542,0.3872,35.7983,0.2466,6,83.5,1.153,0.5442,1.712,0.4194,0.5465,0.18,1.00E-04,2.2205,0,2.4449,94.206,1.1285,5.794,1791.9934,0.1914,427.3011,6683.2506,0.3828,999.0466,0.5937,2.8708,0.3828,5.2367,0.0407,522.5056,0.5315,1.5259,9.4,90.4,10.8,38.6,61.4,25.4,23.1,76.9,45.9,0,0,0,1.1846,3569.0113,0.5742,1370.2447,NA,15,67,175,0.0479,0.2939,3.6611,34.539,57.006,4.7939,0.3333,1,0.0179,0.7655,2.15,1,0, -   ,2796.5928,107.0454,0.7036,22.849,0.3273,Sinuous,Single,Plane-Bed,cobble-gravel,UCV,0,0,0.65,1.1
CBW05583-189938,John Day,1164,369113,4945528,11N,44.65,-118.65,2013,57,873.6134,567.5879,1.2112,196.6007,25.8124,0.2741,6.6853,0.2143,12,96.3,0.3276,0.2379,0.8488,0.1969,0.3356,0.0801,3.00E-04,0,0,4.2556,90.6292,5.1151,9.3708,38.2611,0.8162,6.9146,390.5432,4.0811,35.8519,2.6702,23.6706,12.2434,10.1152,0.2322,122.5148,0.1189,0.0807,8.2,89.6,14,22,78,8.5,21.5,78.5,45.4,0,0,0,1.0913,138.7449,4.8974,18.1633,NA,26,58,142,2.7384,7.5555,16.7952,37.1423,38.3219,7.7406,0.1,7.4,0.1498,1.2243,0.85,1,0, -   ,60.9298,36.5769,0.4623,4.6165,0.2551,Sinuous,Single,Plane-Bed,cobble-gravel,CV,0,0,0.65,9.8
OJD03458-000536,John Day,1175,378560,4940175,11N,44.6,-118.53,2013,88,1071.517,625.0257,1.1429,183.1903,37.5021,0.54,7.0988,0.3222,18,110.9,0.3529,0.1799,0.4981,0.135,0.3387,0.0513,2.00E-04,0,0.1992,3.5233,91.8388,4.4388,8.1612,101.9325,2.0172,8.6039,386.3375,5.3791,23.8299,2.0291,5.3791,2.6896,2.0961,0,148.7225,0.0978,0.0579,0.4,99,2.1,50.7,49.3,25.3,8.7,91.3,35.1,0,0,0,1.3095,136.7369,4.7068,14.0278,NA,27,55,101,6.564,13.8261,4.0468,44.4536,39.8065,11.6931,1.713,10.4522,0.1696,1.1767,1.06,1.1535,33.6764,5.39,46.4615,45.6685,0.562,4.043,0.3323,Wandering,Transitional,Plane-Bed,cobble-gravel,PCV,0,0,0.58,12.1
CBW05583-452047,Lemhi,1448,311229,4952540,12N,44.7,-113.38,2013,NA,4232.8847,2884.0251,1.1111,1647.7031,36.1008,0.3835,14.0323,0.2758,17,357,0.3818,0.3563,1.5538,0.5025,0.3852,0.1848,NA,6.952,0.1187,2.5531,85.4051,7.6445,17.2683,799.4734,1.0969,186.9767,789.7165,1.0969,160.6112,0.3603,23.4009,16.0881,2.9852,0.0611,273.4934,0.3406,0.9861,0,100,0,62,38,44,32.7,67.3,50.7,0,0,0,1.3885,1294.9276,4.022,455.6362,94.8925,7,19,47,2.375,4.8163,0.9058,23.1907,59.3984,16.5051,9.2381,17.0952,0.0589,1.0969,1.7,1.1132,68.4778,2.37,803.224,44.7414,0.6048,10.1855,0.2626,Wandering,Transitional,Pool-Riffle,gravel-sand,UCV,0,0,0.68,6.2
CBW05583-339839,Tucannon,1486,443170,5140042,11N,46.41,-117.73,2013,52,3337.7103,3001.347,1,1485.4788,23.5119,0.2475,12.0907,0.1231,4,72.8,1.1894,0.4587,1.1563,0.5078,0.3596,0.1597,NA,0,8.2234,4.2166,83.275,12.5083,24.9483,513.1805,0.3631,197.5405,2020.2333,0.7262,618.0229,0.7982,6.8991,3.268,9.5131,0.9805,275.3983,0.5847,1.9431,5,91,0,19,81,17.5,17.5,82.5,28,0,0,0,1.0539,470.6727,0.3631,213.8983,64.3393,29,65,123,4.4856,10.3566,11.6518,54.2778,25.715,8.3553,0.3333,3.3333,0,0,NA,1,0, -   ,1029.4616,32.7695,0.3313,10.8689,0.1364,Straight,Single,Plane-Bed,cobble-gravel,PCV,0,0,0.90,1.5
CBW05583-420019,Tucannon,1494,417942,5150613,11N,46.5,-118.06,2013,64,4225.7699,3846.563,1,2258.5818,21.5507,0.2316,13.4685,0.1069,10,125.7,0.5384,0.5484,1.772,0.4929,0.4816,0.2023,NA,0,0,1.2848,91.6653,7.0498,8.3347,964.3223,0.9572,296.0737,1613.1134,1.2763,417.2184,0.3662,4.1479,2.2335,1.4798,0,313.4119,0.6416,1.8032,0,89.5,0,74,26,73.5,28,72,39,0,0,0,1.0201,1269.1516,0.9572,606.1192,85.3304,3,47,82,22.0517,21.9704,0.6718,7.996,75.9764,14.3102,14.5556,20,0.0819,1.037,3.15,1,0, -   ,1319.4116,38.7876,0.3374,12.2687,0.1136,Straight,Single,Plane-Bed,gravel,PCV,0,0,0.91,3.2
CBW05583-036697,Methow,1521,710707,5395017,10N,48.67,-120.13,2013,24,21389.0674,16949.0865,1,18872.8908,38.0989,0.2856,34.7684,0.1917,9,39.8,0.7923,0.8966,1.7883,0.7002,0.3313,0.2358,NA,0,0,1.2899,98.3808,0.3293,1.6192,7468.3852,0.4922,3782.1726,8088.5505,0.6563,3386.7484,0.5307,6.7273,2.6253,16.8755,1.8893,609.4542,0.2427,5.5306,11.3,80.2,26.7,61,39,29.8,30.2,69.8,81.2,0,0,0,1.098,1387.3387,0.3282,829.0333,NA,34,86,135,0.0786,0.3056,10.8027,59.0453,25.7686,4.3834,8.9333,15.2,0.0226,0.5743,3.83,1,0, -   ,7998.2594,62.7133,0.4733,27.7552,0.2109,Sinuous,Single,Plane-Bed,cobble-gravel,PCV,0,0,0.79,1.5
CBW05583-093023,Lemhi,1545,287735,5003769,12N,45.15,-113.69,2013,NA,606.2611,460.3055,1,105.7784,36.7531,0.7733,4.9643,0.4692,5,NA,0.6755,0.1507,0.592,0.2148,0.2949,0.0777,NA,4.8767,0,0,90.0336,5.0897,9.9664,0,0,0,448.9473,3.1772,52.8627,3.3177,3.1772,2.3829,0.1493,0,125.8956,0.1774,0.2349,0.2,97.8,0,28.7,71.3,18.6,16.8,83.2,29.1,0,0,0,1.1116,11.3513,0.7943,2.1588,54.8037,17,55,102,0.4667,1.3062,4.8767,43.449,50.3881,1.2862,18.6667,34,0.3172,1.7078,1.46,1,0, -   ,55.0215,35.1122,0.7794,3.7942,0.4342,Wandering,Transitional,Plane-Bed,cobble-gravel,CV,0,0,0.76,4
YFI00001-000828,Yankee Fork,1549,685915,4926214,11N,44.46,-114.66,2013,32,557.5913,295.0618,1,168.7053,13.8424,0.3421,4.533,0.2343,11,57,0.7229,0.3074,0.6243,0.1287,0.3504,0.0497,NA,7.403,0,5.5875,84.0574,11.7706,24.7612,45.4657,2.4836,4.881,212.7255,3.3114,15.5811,2.5427,9.1064,4.1393,4.4629,0.5168,120.7939,0.1078,0.0224,7.5,82,40,43.5,56.5,10.5,32.5,67.5,83.5,0,0,0,1.3172,36.8718,3.3114,4.2831,40.0329,22,54,120,3.0811,4.6971,27.2648,25.1742,36.3438,9.2402,1.4286,4.1905,2.186,9.1064,6.45,1,0, -   ,24.7452,29.5886,0.3774,2.4351,0.286,Meandering,Single,Plane-Bed,boulder-cobble-gravel,PCV,0,0,0.53,9.1
CBW05583-315823,Lemhi,1587,288254,4966813,12N,44.82,-113.67,2013,40,3411.5403,2729.5436,1,1291.1411,31.173,0.322,14.1136,0.2142,5,71.5,1.205,0.4036,1.0428,0.3431,0.2183,0.1101,NA,4.8045,0,4.6422,84.1984,6.355,15.8016,302.1801,0.4117,68.0909,2321.4813,1.2352,475.3147,1.9432,17.7049,6.5879,13.1547,0,242.871,0.2952,0.7572,14.5,77.5,0,52.5,47.5,32.5,44,56,86.5,0,0,0,1.1076,106.7812,0.4117,33.8601,75.8881,49,113,283,1.1227,1.4859,17.3855,36.8656,38.645,7.1039,0.6667,1.6667,0.1502,2.2646,4.1,1,0, -   ,577.2608,47.0107,0.303,11.243,0.1753,Sinuous,Single,Plane-Bed,boulder-cobble-gravel,PCV,0,0,0.80,2.1
CBW05583-020761,Methow,1596,712169,5361026,10N,48.36,-120.13,2013,64,7392.2737,5827.4195,1.5808,4425.2951,32.4466,0.2595,21.2566,0.2141,4,136,0.6406,0.5983,1.5072,0.5634,0.2717,0.1843,NA,0,0.7985,15.49,66.7235,16.9879,33.2765,1268.0136,0.6938,549.1247,3793.7929,0.3469,1267.7516,0.8971,31.5673,6.591,40.4856,20.3147,288.2733,0.3641,2.878,3.7,86,0.8,38,62,28.7,32.3,67.7,55.6,0,0,0,1.0801,120.8225,0.3469,52.8299,61.2603,33,74,158,0.0377,0.1333,9.2015,61.0314,24.7671,5,3.1111,12.2222,0.0985,1.509,5.74,1,0, -   ,1956.5547,46.9349,0.3266,18.1256,0.2368,Wandering,Transitional,Plane-Bed,cobble-gravel,UCV,0,0,0.79,1.4
ORW03446-084462,Upper Grande Ronde,1602,432440,5065705,11N,45.74,-117.86,2013,40,7253.1089,5539.187,1.1389,4351.0248,33.132,0.2877,19.1312,0.231,6,72.9,0.8172,0.5816,1.4731,0.4192,0.281,0.1468,NA,3.2222,0,1.93,90.125,4.7836,9.9359,0,0,0,5061.8322,0.8387,1279.911,1.5313,10.3437,5.0321,5.4858,0,357.706,0.4606,1.6489,2.3,96.9,8.2,51.5,48.5,34.9,45.7,54.3,65.4,0,0,0,1.2857,477.3549,0.8387,168.7036,68.5439,43,94,200,9.7576,14.0737,6.854,42.8509,42.2934,8.0018,22.2222,22.4444,0.1764,3.2149,9.77,1.1584,0, -   ,1448.6145,50.4181,0.4005,14.6653,0.2434,Sinuous,Single,Plane-Bed,cobble-gravel,CV,0,0,0.76,1.7
CBW05583-128427,Entiat,1621,688751,5316707,10N,47.97,-120.47,2013,24,508.856,412.7087,1,192.4477,9.8916,0.2152,4.3275,0.1599,14,131,0.4946,0.3988,0.9492,0.3638,0.2666,0.1226,NA,39.4632,0,13.0157,35.1808,12.3403,64.8192,88.982,1.6906,22.0667,41.2682,2.5358,7.2047,1.7255,121.7205,113.2677,15.4096,2.8188,118.3038,0.2392,0.0915,1.3,92.5,13.8,28.7,71.3,21,17.1,82.9,32.3,0,0,0,1.5577,282.4584,7.6075,80.0827,NA,0.2274,11,149,20.2105,16.8707,11.3822,3.1883,39.7717,45.6578,61.0507,70.9875,5.8322,20.7094,24.07,1,0, -   ,109.3542,13.884,0.3492,3.4768,0.2261,Meandering,Single,Pool-Riffle,gravel-sand,CV,0,0,0.81,11.8
CBW05583-492715,Wenatchee,1735,670770,5310630,10N,47.92,-120.71,2013,40,2087.5993,1437.7413,1,907.4962,29.8999,0.7619,10.2217,0.4529,10,87.5,1.094,0.4223,1.3189,0.2796,0.445,0.1319,NA,0,0,7.5629,83.85,8.5872,16.15,142.5455,0.4926,28.6718,930.2077,1.9704,130.8616,1.991,138.4211,93.5943,63.2344,1.4344,203.0038,0.3659,0.2822,17.6,76.2,41,32.9,67.1,19.9,33.1,66.9,69.9,0,0,0,1.1209,254.7939,2.463,71.7219,19.0948,28,62,123,5.0729,9.7453,3.7497,38.3663,43.0066,9.2988,8,16,0.9737,8.0048,14,1,0, -   ,243.3727,40.7647,0.8621,7.1183,0.3965,Wandering,Transitional,Step-Pool,cobble-gravel,CV,0,0,0.69,4.9
ENT00001-1BC7,Entiat,1783,705691,5282743,10N,47.66,-120.25,2013,72,9976.8155,8545.119,1,7545.8299,38.9201,0.1205,30.5931,0.0983,4,64,0.6075,0.7613,1.4221,0.5772,0.2397,0.1733,NA,0,0,0,95.929,4.071,4.071,1438.1585,0.3083,514.2715,6957.4681,0.6166,2336.1729,0.7562,1.2332,0.3083,0.7654,0,324.3568,0.0964,3.5165,12.2,78.2,1.6,34.3,65.7,18.8,36.5,63.5,73.8,0,0,0,1.0493,149.4925,0.3083,84.6913,74.8885,69,158,322,8.9958,11.264,39.7015,26.2153,21.9693,12.1139,2.3333,2.6667,0,0,NA,1,0, -   ,2935.1356,70.5129,0.2527,26.2468,0.1545,Straight,Single,Plane-Bed,boulder-cobble-gravel,UCV,0,0,0.86,1.2
ENT00001-1F18,Entiat,1793,698169,5289815,10N,47.73,-120.35,2013,40,9994.1561,9031.0554,1,8661.5279,38.8632,0.421,33.2869,0.3239,4,117.8,0.68,0.8668,1.9907,0.6561,0.4226,0.2104,NA,13.2812,0,4.8082,86.7188,4.3737,22.4631,0,0,0,7496.281,0.6664,2642.863,0.9165,70.6433,31.9894,20.7971,0,300.0994,0.4908,3.855,27,61.5,9,40.5,59.5,37.5,52,48,93.5,0,0,0,1.0742,1534.6767,0.6664,1000.5584,75.2805,52,177,358,14.5049,17.6174,37.7287,31.3391,23.9901,6.9421,1.6667,6,0,0,NA,1,0, -   ,3643.4209,80.0596,0.6303,29.7497,0.3802,Sinuous,Single,Plane-Bed,boulder-cobble,PCV,0,0,0.90,1.3
ENT00001-3A5,Entiat,1846,692654,5304562,10N,47.86,-120.42,2013,20,12312.4973,7857.1398,1,10247.2645,33.2651,0.3813,29.5443,0.2167,5,39.5,0.8884,0.8315,2.591,0.8397,0.4123,0.3368,NA,0,0,3.2896,94.543,2.1675,5.457,0,0,0,805.3424,0.2783,194.2628,0.1971,50.6465,23.6536,41.7437,0,359.3536,1.0764,3.1472,0,96.7,0.5,22.5,77.5,9.3,20.1,79.9,36.6,0,0,0,1.5071,7051.7974,1.1131,3590.6441,76.0862,25,54,95,9.2419,9.3139,0.9001,14.197,47.4384,37.4645,8.1667,13.1667,0.7383,12.3833,58.01,1,0, -   ,3784.9081,46.0687,0.6528,19.8422,0.248,Meandering,Single,Pool-Riffle,gravel-sand,UCV,0,0,0.64,1.4
JDW00001-Meyers Camp C,John Day,1967,NA,NA,10N,44.61,-120.21,2013,200,988.5212,764.7841,1.0717,454.4041,16.3198,0.392,5.4559,0.2627,14,348,0.7486,0.3284,1.1396,0.3691,0.4184,0.1626,NA,6.9485,0,6.1546,75.6467,11.2502,24.3533,231.3473,1.6826,59.6643,222.1588,2.2434,34.5603,1.139,2.8043,2.8043,0.2608,0,178.3002,0.406,0.2067,0,93.125,0,88.125,9.5,104.375,51.25,48.75,41.875,0,0,0,1.1807,311.281,3.926,98.5034,73.7708,0.0526,46,105,0.8529,1.5932,2.5117,7.5786,47.2985,42.6112,NA,NA,0.1922,0.9815,1.47,1.0534,72.3264,9.46,192.728,17.8117,0.3535,4.2694,0.2198,Sinuous,Single,Step-Pool,gravel-sand,PCV,0,0,0.77,7.9
JDW00001-Lower Owens C,John Day,1971,722275,4941391,10N,44.59,-120.19,2013,120,3216.538,1798.333,1,620.0163,NA,NA,NA,NA,23,250,0.6373,0.2287,1.102,0.3787,0.4811,0.1597,NA,3.7018,0.2219,12.5086,62.1249,21.4427,37.8751,581.1507,3.3107,87.5338,127.8824,1.4189,10.8365,1.4497,1.8918,1.8918,0.1209,0.0802,211.4344,0.4651,0.1116,0,100,0,80.5,19.5,62.5,19.5,80.5,37.5,0,0,0,1.1957,977.4814,6.1485,229.879,79.1488,0.024,12,29,80,NA,0.4562,1.2351,7.3091,90.9995,73.2308,73.2308,0,0,NA,1,0, -   ,332.7945,NA,NA,NA,NA,Anabranching,Multi,Pool-Riffle,sand,UCV,0,0,0.56,10.9
CBW05583-108010,Upper Grande Ronde,2014,395288,4995287,11N,45.1,-118.33,2014,40,856.6109,615.9245,1,239.1855,19.3243,0.4655,5.2451,0.3106,18,65,0.3592,0.2848,0.8025,0.2966,0.376,0.1269,4.00E-04,0.9584,0,5.3939,89.1059,4.5419,10.8941,0,0,0,298.652,4.8668,43.714,1.1795,42.5848,34.6762,11.0998,0,164.378,0.293,0.2946,6,85.5,26.5,76.5,23.5,75.5,21,79,36.5,0,0,0,1.5046,317.2725,6.0835,83.2337,71.3109,10,28,67,3.3684,8.3381,0.483,24.336,60.6099,14.5711,12.6,16.3333,2.2113,12.2066,13.62,1,0, -   ,126.9478,22.1372,0.6445,3.637,0.3078,Meandering,Single,Pool-Riffle,cobble-gravel,UCV,0,0,0.72,11
CBW05583-235322,Upper Grande Ronde,2019,391699,5001199,11N,45.15,-118.37,2014,38,5107.3227,3962.7294,1.5873,1713.2761,36.3689,0.223,12.3241,0.1632,18,62.3,0.5185,0.3363,0.8654,0.2244,0.4726,0.1014,0.0044,0,0,2.9564,95.2007,1.8429,4.7993,448.0261,0.8999,104.6146,2771.5071,2.6998,366.0801,0.9098,17.3986,9.5992,49.0644,0.1362,333.3609,0.3785,0.4951,3.5,93.5,12,37,63,33.5,11.5,88.5,21.5,0,0,0,1.122,743.1963,1.7999,150.3432,67.5281,0.5862,44,106,14.3056,28.2912,5.4313,37.2459,24.7581,31.5922,57.7037,58.7407,0.3298,7.0194,13.07,1.5801,806.3133,20.35,621.0379,64.7937,0.5385,9.3397,0.2514,Wandering,Transitional,Pool-Riffle,cobble-gravel,PCV,0,0,0.78,5.4
CBW05583-280042,Upper Grande Ronde,2021,397640,4990198,11N,45.05,-118.3,2014,20,1157.078,1024.0209,1,473.853,17.6161,0.2428,7.0149,0.1177,6,35.5,0.3144,0.4106,0.9184,0.4169,0.2799,0.1422,4.00E-04,7.947,0,2.8006,86.7577,2.4948,13.2423,0,0,0,649.6486,1.213,172.6875,0.6074,25.473,25.473,12.6388,0,164.8802,0.1816,0.9929,0.5,96.5,7.5,38,62,40.5,12,88,13,0,0,0,1.125,374.3722,2.426,131.1317,85.2691,36,58,94,3.5652,10.2947,2.7267,21.6656,36.2731,39.3346,27.6667,38,0.0469,0.561,0.48,1,0, -   ,303.8192,23.0813,0.3618,6.2093,0.1191,Sinuous,Single,Pool-Riffle,cobble-gravel,UCV,0,0,0.89,3.6
dsgn4-000202,Upper Grande Ronde,2026,390918,5010914,11N,45.24,-118.39,2014,22,6689.633,4429.285,1.313,2494.8864,34.7877,0.4654,13.3293,0.2785,18,81.6,0.5349,0.3772,1.038,0.277,0.4787,0.1279,4.00E-04,0.0985,0,0.8136,97.3826,1.7053,2.6174,1050.0595,0.9001,187.5262,1746.2824,1.3502,214.1647,0.6663,6.5257,3.6004,8.6988,1.5167,444.3937,0.3313,0.3076,4.5,94.5,2.5,66,34,63,9,91,17.5,245.6238,0.4501,17.2759,1.1439,1387.297,1.8002,306.0265,89.234,29,54,97,7.0833,13.151,5.268,54.1951,31.7954,8.7416,10.8667,14.8667,0.2373,1.4852,10.51,1.1403,0,5.55,724.8801,51.7669,0.4868,9.4354,0.2682,Wandering,Transitional,Pool-Riffle,cobble-gravel,PCV,0,0,0.66,4.1
dsgn4-000245,Upper Grande Ronde,2027,392823,5013599,11N,45.26,-118.36,2014,48,14358.7936,10352.3145,1,5162.244,53.1985,0.3789,23.663,0.2587,16,75.7,0.8564,0.3855,1.3617,0.3492,0.3411,0.1375,0.0012,7.4704,0,0.0359,88.1681,4.3256,11.8319,3300.4209,0.9844,710.9118,6416.0568,1.1485,1070.5199,0.5104,1.8048,0.4922,11.1553,0.3652,609.4958,0.3656,0.6316,0.5,95.5,2.5,36.5,63.5,23,23,77,41,0,0,0,1.7596,635.8414,0.4922,225.0672,77.6825,29,80,203,3.194,8.9471,13.5271,25.6226,40.9551,16.0881,4.1667,5.8333,0.0033,0.1058,0.34,1,0, -   ,2006.4984,88.2367,0.6607,16.9898,0.3482,Wandering,Transitional,Plane-Bed,cobble-gravel,PCV,0,0,0.72,2.6
dsgn4-000277,Upper Grande Ronde,2028,392552,4998648,11N,45.13,-118.36,2014,44,5750.5107,4769.2528,1,2234.2136,39.4321,0.2269,15.7277,0.1507,7,72,0.7768,0.3885,0.8426,0.2372,0.2735,0.0843,1.00E-04,0,0,2.9119,93.1781,3.91,6.8219,975.7853,0.8272,184.6123,3793.4674,1.1029,587.4089,1.1243,22.8847,9.0987,37.0133,17.8251,362.6885,NA,0.3656,1.5,93.5,10,57.5,42.5,37.5,22.5,77.5,49,0,0,0,1.0909,0,0,0,73.3693,8,68,186,12.3478,11.9874,7.0092,19.1116,31.0402,26.2284,8.4444,16.8889,0.0801,1.3924,3.82,1,0, -   ,772.0212,90.173,0.4947,13.1163,0.179,Sinuous,Single,Plane-Bed,cobble-gravel,PCV,0,0,0.83,1.9
CBW05583-045010,South Fork Salmon,2051,591133,5015244,11N,45.28,-115.83,2014,14,1156.4507,966.282,1.1139,562.9095,14.3091,0.4268,7.1046,0.4416,14,23,0.4047,0.4832,1.6473,0.4402,0.3524,0.1669,1.00E-04,19.8244,0,21.131,55.9919,3.0528,44.0081,0,0,0,229.0643,3.3662,44.7454,1.8849,152.1501,101.6578,73.9232,0,148.5375,0.3679,0.3225,1,97.5,0.5,59,41,45.5,13,87,29,0,0,0,1.1135,737.2057,6.0591,245.5821,NA,3,32,101,6.5703,9.991,0.6453,11.1146,57.5702,30.67,1.3239,6.3394,1.9725,15.215,19.06,1.1324,0, -   ,290.3275,21.8529,0.5732,6.1127,0.3067,Wandering,Transitional,Step-Pool,gravel-sand,UCV,0,0,0.84,9.4
CBW05583-181535,South Fork Salmon,2056,597497,4990599,11N,45.06,-115.76,2014,20,5541.4089,3651.7647,1,5798.1863,20.3044,0.1886,19.0761,0.1556,12,48,0.8693,1.0042,1.8428,0.3912,0.2641,0.1442,0,0,0,3.2495,92.2647,5.2799,8.5294,579.9732,0.3433,124.7568,2209.2897,2.0598,469.4856,1.4139,27.8075,8.5826,51.5937,13.7455,291.2882,0.2499,0.3608,17,76,30.5,36.5,63.5,23.5,50.5,49.5,87.5,0,0,0,1.0367,862.4846,1.7165,247.5113,68.6305,66,153,295,7.1654,9.9969,31.7706,34.5945,23.9312,9.7038,2.625,8.0652,0,0,0,1,0, -   ,841.7537,52.4424,0.5785,12.5463,0.238,Straight,Single,Plane-Bed,boulder-cobble-sand,CV,0,0,0.66,4.1
CBW05583-241618,South Fork Salmon,2060,590019,5013154,11N,45.26,-115.85,2014,21,7155.6221,6845.7224,1,4184.1212,30.5214,0.1302,18.3549,0.0742,1,31.7,1.4117,0.5868,1.0559,0.4604,0.1331,0.1312,1.00E-04,0,0,0,95,5,5,0,0,0,6830.5378,0.2572,2027.0302,1.2712,13.8869,5.6576,15.1222,0,388.8545,NA,2.5576,4,94,3.5,42,58,40.5,15.5,84.5,23,0,0,0,1.0955,0,0,0,70.5038,46,119,295,0.8214,2.2037,25,35,35,5,NA,NA,0.0288,0.45,1.97,1,0, -   ,2027.4167,47.6044,0.1758,17.6058,0.0827,Sinuous,Single,Plane-Bed,boulder-cobble-sand,PCV,0,0,0.96,0.3
CBW05583-317074,South Fork Salmon,2061,584393,5009379,11N,45.23,-115.92,2014,40,2412.5084,2159.3335,1.0755,1639.1413,18.6136,0.391,10.856,0.3154,12,20.5,0.5142,0.6243,1.5932,0.6884,0.2652,0.2326,1.00E-04,9.062,0,8.9893,80.6667,3.4314,21.4827,402.0352,0.4619,166.9054,0,0,0,0.3578,69.7529,58.2044,21.9689,3.3921,216.4786,0.3929,1.0029,6.5,92,13,42,58,38.5,27.5,72.5,39,0,0,0,1.5087,1757.1376,5.0813,771.5688,65.32,2,20,51,0.3571,0.3493,0,3.5106,47.468,49.0213,9.6003,25.1833,1.5847,19.5631,34.22,1.0796,59.1434,2.74,938.4741,23.0253,0.4385,9.6208,0.3135,Wandering,Transitional,Pool-Riffle,gravel-sand,UCV,0,0,0.90,5.5
CBW05583-404767,South Fork Salmon,2065,594981,4991429,11N,45.07,-115.79,2014,46,3107.1189,2438.2837,1,1737.2743,26.4579,0.323,14.1428,0.2065,16,28.1,0.8503,0.5567,1.4212,0.426,0.357,0.1628,0,0,0,6.3505,90.2429,3.9288,10.2793,0,0,0,1399.1664,2.2484,301.8144,2.7699,24.2832,5.3963,32.084,0,222.3756,0.2516,0.3633,6.5,89.5,7.5,31,69,22.5,26.5,73.5,45.5,0,0,0,1.0391,1039.1043,4.9466,279.7271,69.2396,35,110,253,2.0708,5.9692,28.1322,32.2242,22.9432,16.7005,3.7451,9.3224,0.0517,0.6071,1.26,1,0, -   ,581.5414,47.443,0.8713,10.9978,0.1773,Straight,Single,Plane-Bed,boulder-cobble-gravel,PCV,0,0,0.78,7.2
CBW05583-514458,Upper Grande Ronde,2133,392974,5027043,11N,45.38,-118.36,2014,NA,446.7637,289.3941,1,127.8472,16.8637,0.4233,3.6464,0.2315,23,NA,0.5669,0.2582,0.7681,0.1893,0.4721,0.0901,NA,3.0159,0,8.0509,79.3185,9.6148,20.6815,22.0635,2.3655,1.7592,43.5061,4.7311,3.1174,1.4665,10.2507,7.0966,2.4551,0,126.8209,0.1779,0.0221,13.5,71,61,66,34,57.5,34.5,65.5,72,0,0,0,1.4783,223.8243,11.0392,33.6283,50.4767,18,35,62,3.4667,7.0596,0.2878,30.8475,45.8651,22.9997,5.0954,9.1734,2.4396,7.6092,7.06,1,0, -   ,38.505,20.5625,0.5374,2.2549,0.2718,Meandering,Single,Pool-Riffle,cobble-gravel-sand,PCV,0,0,0.65,18.1
dsgn4-000213,Upper Grande Ronde,2140,390652,5013164,11N,45.26,-118.39,2014,70,9191.9326,5306.6658,2.3723,3186.9268,43.1696,0.557,15.27,0.3142,33,87.5,0.4095,0.3389,1.2505,0.3811,0.5456,0.1845,NA,4.308,0,0.0782,93.8952,1.7964,6.1827,333.5784,1.4068,68.7728,1757.516,3.9391,271.6282,0.5436,1.9696,1.4068,3.5171,0.3001,355.4076,0.4316,0.2183,0,100,0.5,53.5,46.5,52.5,0.5,99.5,1.5,298.8315,0.2814,4.1473,1.244,2914.7768,3.9391,856.5405,98.255,21,44,79,4.8667,7.2717,0,19.0039,52.2219,28.7742,4.2,6.5333,0.9343,16.1083,49.58,1.8327,1488.5884,33.7,1233.8703,51.2693,0.7347,9.6912,0.3085,Anabranching,Multi,Pool-Riffle,cobble-gravel-sand,UCV,0,0,0.58,9.3
dsgn4-000092,Upper Grande Ronde,2141,400379,5020191,11N,45.32,-118.27,2014,52,956.3384,537.092,1,247.1559,28.6982,0.1934,7.3371,0.1375,10,128.1,1.1527,0.2586,0.5554,0.1386,0.3348,0.0531,4.00E-04,0,0,4.967,86.1989,12.2051,17.172,25.1744,1.5291,1.992,377.8514,3.0581,29.7336,1.6716,17.5843,11.468,5.8992,0.1767,130.7983,0.104,0.0212,8.5,88.5,14,61.5,38.5,36.5,19,81,55.5,0,0,0,1.0686,134.0661,3.0581,14.3308,37.565,9,44,126,2.2197,4.1565,11.7001,41.2923,36.7023,8.9011,7.5556,14.7778,0,0,0,1,0, -   ,46.0564,52.7381,0.4069,4.0775,0.242,Straight,Single,Plane-Bed,cobble-gravel,PCV,0,0,0.56,7.6
dsgn4-000161,Upper Grande Ronde,2145,455527,4994690,11N,45.1,-117.56,2014,42,1461.0075,1225.9263,1.1175,807.1649,16.6135,0.2738,7.0903,0.1757,13,64.7,0.7373,0.4934,1.0746,0.3551,0.2481,0.1216,3.00E-04,0,0,1.0191,93.1519,6.1549,7.174,0,0,0,1023.6251,3.4329,223.7834,5.4701,8.8274,5.8849,9.9534,0,203.9114,0.1198,0.3234,11,86.5,30.5,35.5,64.5,12,24,76,61,0,0,0,1.0739,202.2993,2.9425,55.0142,46.4864,2,70,240,24.875,24.4511,29.0364,26.4807,19.824,24.659,14.6667,22.4,0.5286,2.6972,6.48,1,0, -   ,278.7975,25.2323,0.3642,5.9935,0.1796,Sinuous,Single,Rapid,boulder-cobble-gravel-sand,CV,0,0,0.84,6.4
MNM00001-000444,Minam,2153,458174,5012856,11N,45.26,-117.53,2014,36,9715.7986,8189.8074,1,7498.3431,35.2264,0.2519,22.5179,0.1597,18,40.9,0.8855,0.7391,2.0748,0.5902,0.291,0.1905,NA,0,0,2.2696,89.7229,8.0075,10.2771,0,0,0,5187.4963,1.6263,1749.9912,1.6028,4.4142,3.0203,10.3837,0,430.4262,0.1628,2.4014,6.5,90,15,46,54,32,19,81,43,0,0,0,1.1115,3002.2977,2.5556,1287.7448,49.4569,21,175,317,1.2674,1.6011,22.2093,56.316,15.1203,6.3545,3.3333,4.6061,0,0,0,1,0, -   ,3037.7359,52.5919,0.2868,19.0829,0.1799,Sinuous,Single,Plane-Bed,boulder-cobble,CV,0,0,0.84,4.2
YFI00001-000436,Yankee Fork,2205,695154,4928901,11N,44.48,-114.54,2014,32,582.8172,359.3232,1,148.2622,19.0141,0.5259,4.8107,0.3809,14,26.9,0.2684,0.2543,0.6785,0.1839,0.3107,0.0666,3.00E-04,0,0,0.1803,94.41,5.59,5.7703,67.7026,2.4248,8.9534,219.8422,4.8496,22.3924,1.6626,0.8083,0.8083,0.0079,0,123.7225,0.1621,0.0792,0,100,0.5,21.5,78.5,17.5,21.5,78.5,25.5,0,0,0,1.272,71.8295,4.0413,11.6073,94.7293,8,39,80,11.5714,19.3743,4.8386,32.9691,58.7553,3.4369,0.6667,1.0146,3.6903,21.3381,13.26,1,0, -   ,42.9531,23.9507,0.4342,2.8822,0.2258,Sinuous,Single,Plane-Bed,cobble-gravel,UCV,0,0,0.62,11.3
CBW05583-010495,Tucannon,2262,448231,5130630,11N,46.32,-117.67,2014,88,3412.441,2421.4094,1,1567.1474,31.9041,0.4943,13.9953,0.2593,11,76.5,0.6495,0.438,1.3969,0.5346,0.3136,0.1862,NA,0,0,4.041,90.332,5.627,9.668,391.4652,1.2303,132.0732,1584.222,1.6404,457.7802,1.1397,14.3533,9.4321,30.7337,0,243.8471,0.2328,2.9194,0.5,99,0,32,68,28,35,65,40,0,0,0,1.232,456.9477,1.6404,191.0878,81.3454,23,71,123,3.0615,4.8889,0.7144,36.9303,57.7964,4.5588,2.4126,3.851,0.4394,3.6908,10.64,1,0, -   ,780.883,32.4664,0.3871,9.7968,0.1816,Meandering,Single,Pool-Riffle,cobble-gravel,PCV,0,0,0.71,4.5
CBW05583-248063,Tucannon,2265,447509,5132854,11N,46.34,-117.68,2014,88,5899.0686,3340.7549,1,3199.4372,37.3458,0.4657,19.6805,0.3015,16,93.5,0.8166,0.4299,1.5659,0.4861,0.3357,0.1825,NA,0.4631,0.5039,3.8252,88.5215,6.6863,11.4785,970.9947,1.4108,167.2182,1397.2476,1.4108,348.0278,1.2499,14.1079,11.2863,17.9469,1.569,283.5285,0.2401,2.8045,9,85.5,0,31,69,34,40,60,51.5,0,0,0,1.0924,1186.5382,2.8216,380.3044,74.5072,34,82,182,0.675,2.4767,5.0875,40.2785,47.7889,6.8451,3.3125,4.6875,0.1293,1.2873,4.32,1,0, -   ,895.5504,42.6886,0.3533,11.1428,0.2364,Wandering,Transitional,Plane-Bed,cobble-gravel,PCV,0,0,0.57,5.6
CBW05583-353711,Lemhi,2271,295756,4950011,12N,44.67,-113.57,2014,62,702.1538,413.5551,1.3956,125.4706,26.9574,1.2459,4.2724,0.6583,31,136,0.6144,0.1686,0.6338,0.1764,0.3867,0.0751,5.00E-04,0,0,9.6157,81.5033,8.881,18.4967,3.614,1.5864,0.2289,334.4565,16.6567,29.9695,7.6614,0.7932,0,0.1235,0,126.0753,0.0929,0.0954,20.5,73,45,51,49,32.5,31,69,76.5,42.4345,0.7932,1.2092,1.1875,33.0068,6.3454,4.9557,46.4022,12,30,103,4.8241,6.3252,7.8241,20.3435,62.0553,9.7772,15.7336,25.125,8.41,33.3531,34.78,1.4075,42.8628,20.63,37.0648,20.6773,0.897,2.5084,0.4833,Anabranching,Multi,Cascade,cobble-gravel,CV,0,0,0.59,24.6
MTC00001-000382,John Day,2288,267987,4934559,11N,44.52,-119.91,NA,NA,NA,NA,NA,NA,NA,NA,NA,NA,NA,NA,NA,NA,NA,NA,NA,NA,NA,NA,NA,NA,NA,NA,NA,NA,NA,NA,NA,NA,NA,NA,NA,NA,NA,NA,NA,NA,NA,NA,NA,NA,NA,NA,NA,NA,NA,NA,NA,NA,NA,NA,NA,NA,NA,NA,NA,NA,NA,NA,NA,NA,NA,NA,NA,NA,NA,NA,NA,NA,NA,NA, NA ,NA,NA,NA,NA,NA,Wandering,Transitional,Pool-Riffle,sand,UCV,0, NA , NA , NA 
WC503432-000029,Wenatchee,2338,680750,5251198,10N,47.38,-120.6,2014,80,496.7392,355.1794,1,128.8437,14.2602,0.2358,3.9314,0.1214,13,229,1.1115,0.2664,0.7681,0.2042,0.4317,0.0876,4.00E-04,0,0,2.1903,86.6586,11.1511,13.3414,28.5233,0.7935,4.7894,194.9455,3.9674,19.4571,2.3797,21.4241,12.6958,6.5312,0.0679,126.0262,0.2399,0.0381,9.5,82.5,17.5,29,71,27,35,65,54.5,0,0,0,1.1187,131.7105,5.5544,19.219,21.5204,2,16,144,14.8929,18.6554,5.5163,24.3343,31.6709,38.4785,19.1304,22.3478,0.1661,0.7935,0.59,1,0, -   ,43.4655,22.7598,0.4775,2.8117,0.1537,Sinuous,Single,Pool-Riffle,cobble-gravel-sand,CV,0,0,0.72,10.3
CBW05583-423282,John Day,2435,312414,4905337,11N,44.27,-119.35,2014,412,929.0007,549.1016,1,254.2292,25.5165,0.3344,6.1792,0.2191,11,220,0.6872,0.2622,0.7333,0.1322,0.4906,0.0692,3.00E-04,16.7249,0,5.3966,68.4352,9.4433,31.5648,225.2999,2.6949,20.9528,267.8765,3.3687,21.8667,1.228,4.0424,4.0424,6.3166,0.4811,148.4272,0.0899,0.0396,3,80.5,12,46.5,53.5,38.5,32,68,59.5,0,0,0,1.2785,55.9252,1.3475,7.3838,51.2418,15,42,109,6.3438,9.7188,5.0035,18.7391,63.3627,12.8947,1.2222,7.7778,0,0,0,1,0, -   ,50.2033,47.0581,0.6183,3.6221,0.268,Sinuous,Single,Plane-Bed,gravel,PCV,0,0,0.59,7.4
ENT201301-Tyee Side,Entiat,2441,692633,5304962,10N,47.87,-120.42,2014,40,5395.2695,2154.3825,1.599,934.2627,21.6957,0.5519,8.067,0.2723,25,51.3,0.6122,0.2756,0.907,0.1982,0.8247,0.1345,NA,0,0,5.3801,92.9495,1.6704,7.0505,513.2411,1.7652,23.7519,145.9171,0.5044,5.9857,0.3484,14.3741,6.5566,25.3613,1.8775,396.5462,0.2711,0.0098,2.5,93.5,0,42,58,43,31,69,36.5,0,0,0,1.1533,1495.1767,4.0348,234.8024,73.1782,4,31,55,8.3636,10.8099,2.7218,10.3748,45.409,41.4944,42.1875,46.25,0.2516,1.387,5.42,1,517.4101,24.02,264.54,46.2633,0.8797,4.0555,0.2615,Wandering,Transitional,Pool-Riffle,gravel-sand,UCV,0,0,0.40,6.3
ENT00001-1BC1,Entiat,2447,707421,5282609,10N,47.66,-120.23,2014,28,11352.2329,9059.5615,1.9767,7806.9662,33.1177,0.703,22.7422,0.3228,16,56,0.8419,0.6976,2.0106,0.711,0.2941,0.2389,0,0.8092,0,4.4932,86.4131,8.4544,13.7567,2953.3187,1.5427,1278.5853,2212.5537,1.5427,646.5119,0.5341,63.2523,7.4051,70.0284,2.474,324.0991,0.5114,6.7432,7.5,82.5,0,30,70,26,43.5,56.5,65,473.8914,0.3085,3.3114,1.2405,3419.7978,1.8513,1597.4336,91.3026,12,102,228,3.0773,7.2096,16.1495,32.8051,34.0982,16.9471,7.451,16.7531,0.4595,12.1876,41.63,1.9792,2829.4459,36.46,3651.3578,44.9784,0.5682,18.144,0.3226,Anabranching,Multi,Pool-Riffle,cobble-gravel,PCV,0,0,0.80,4.9
CBW05583-407211,Entiat,2458,693136,5299635,10N,47.82,-120.41,2014,75,425.0731,264.5386,1,112.455,12.9785,0.6328,3.2668,0.3534,17,122.1,0.6648,0.268,0.8834,0.1523,0.5066,0.0797,1.00E-04,4.2015,0,17.9975,61.1064,16.6946,38.8936,18.5153,1.5456,2.7142,194.7064,6.955,16.7015,6.8036,37.8661,25.5016,8.7728,0.601,129.4034,0.1828,0.0283,31.5,51,33.5,47,53,23.5,50.5,49.5,123,0,0,0,1.1185,51.2089,4.6367,6.9913,26.8151,0.8621,19,105,12.11,15.5443,17.9556,24.6161,33.7609,23.6673,42.7022,68.3223,1.3609,4.0764,3.6,1,0, -   ,26.407,18.7499,0.6569,2.0345,0.2849,Sinuous,Single,Step-Pool,cobble-gravel-sand,CV,0,0,0.62,13.1
ENT00001-1BC15,Entiat,2459,703405,5283214,10N,47.67,-120.29,2014,28,7226.0965,7060.2537,1,4908.1185,45.1847,0.2083,24.1555,0.1407,1,50.5,0.9767,0.6539,1.236,0.6442,0.147,0.1712,2.00E-04,0,0,0,95,5,5,0,0,0,7060.2537,0.3348,3229.2378,1.0137,1.3392,1.0044,0.5701,0,298.6919,NA,7.5424,8,76,1.5,22,78,13.5,45,55,77.5,0,0,0,1.037,0,0,0,80.5164,41,164,320,18.3636,16.0147,20,50,20,10,NA,NA,0.1149,2.1427,8.11,1,0, -   ,3229.2384,50.1103,0.2355,23.6382,0.1514,Straight,Single,Plane-Bed,boulder-cobble-gravel,CV,0,0,0.98,0.3
SFT00001-000023,Walla Walla,2484,425000,5109453,11N,46.13,-117.97,NA,NA,NA,NA,NA,NA,NA,NA,NA,NA,NA,NA,NA,NA,NA,NA,NA,NA,NA,NA,NA,NA,NA,NA,NA,NA,NA,NA,NA,NA,NA,NA,NA,NA,NA,NA,NA,NA,NA,NA,NA,NA,NA,NA,NA,NA,NA,NA,NA,NA,NA,NA,NA,NA,NA,NA,NA,NA,NA,NA,NA,NA,NA,NA,NA,NA,NA,NA,NA,NA,NA,NA, NA ,NA,NA,NA,NA,NA,Anabranching,Multi,Plane-Bed,cobble-gravel,PCV,0, NA , NA , NA 
ENT00001-1G16,Entiat,2499,696496,5294233,10N,47.77,-120.37,2014,24,7435.7334,6666.6838,1,6345.4487,28.9765,0.13,24.403,0.0721,1,49,0.811,0.854,1.5992,0.7546,0.1304,0.2291,NA,5,0,0,95,0,5,0,0,0,6666.6838,0.3312,3296.5516,1.1608,9.9347,2.3181,21.5768,0,301.9717,NA,4.8459,1,98,4.5,18,82,2.5,13,87,30.5,0,0,0,1.0513,0,0,0,64.9417,2,126,380,25.6471,22.7814,70,15,5,10,NA,NA,0.0159,0.4967,1.06,1,0, -   ,3296.5516,41.2456,0.1518,21.8949,0.0727,Sinuous,Single,Plane-Bed,boulder-cobble,CV,0,0,0.90,0.3
CBW05583-189385,Methow,2546,716504,5304859,10N,48.34,-120.08,2014,80,38055.9217,17926.7438,1,19704.598,47.5129,0.2106,66.6593,0.0971,3,155,2.3992,0.8076,3.3704,1.217,0.4177,0.476,3.00E-04,4.1275,0,4.1275,87.6176,4.1275,12.3824,0,0,0,3128.3759,0.174,1298.671,0.1877,1.044,0,4.0619,0,574.7142,1.2388,6.5379,6,89,2,21.5,78.5,16,22.5,77.5,39,0,0,0,1.2788,14798.3677,0.348,10544.4669,NA,35,66,126,8.4537,11.6004,12.885,37.0007,37.3118,11.9301,0,0,0,0,0,1,0, -   ,11843.1375,51.2318,0.5267,31.1303,0.2752,Sinuous,Single,Pool-Riffle,cobble-gravel,UCV,0,0,0.47,0.5
WC503432-000016,Wenatchee,2556,658229,5310692,10N,47.92,-120.88,2014,28,11460.8953,6772.5274,1.1708,8902.0176,28.6618,0.3821,22.831,0.2636,20,29.8,0.8233,0.7829,2.8096,0.7888,0.5034,0.3491,0,0,0,8.6942,80.2024,11.1035,19.7976,1122.5726,0.9564,442.1744,1639.7471,0.9564,375.1687,0.7873,129.3519,50.4496,433.1213,11.8388,418.2388,1.1185,2.0389,7,85.5,11.5,28,72,2,52,48,92.5,0,0,0,1.6468,4010.6964,2.8692,2279.2609,75.846,0.3716,35,83,3.8125,8.9287,10.0523,20.7889,39.0453,28.9658,9.9559,14.9159,0.6451,8.7151,43.69,1.1813,1007.1076,14.87,3096.6038,31.8914,0.5441,13.2899,0.2829,Meandering,Transitional,Pool-Riffle,cobble-gravel-sand,PCV,0,0,0.59,4.8
WENMASTER-000195,Wenatchee,2563,669782,5308280,10N,47.9,-120.72,2014,36,1099.3782,653.2615,1,537.6968,19.5359,0.207,9.4898,0.1619,7,57.6,0.565,0.4887,1.2514,0.3062,0.5031,0.1354,2.00E-04,0,0,7.6697,81.2984,11.0319,18.7016,59.6897,0.84,8.5957,304.7554,2.5199,33.7133,0.9462,12.5997,11.7597,1.8534,0,119.0507,0.4127,0.1455,1.5,97,4.5,24.5,75.5,6.5,43.5,56.5,64.5,0,0,0,1.4866,288.8164,2.5199,79.0208,59.7017,8,40,91,6.2426,12.8636,0,26.9141,64.7882,8.2976,8,11.8333,1.142,8.3998,7.46,1,0, -   ,121.3298,32.2551,0.5917,5.4907,0.2911,Meandering,Single,Pool-Riffle,gravel-sand,UCV,0,0,0.59,5.9
MNM00001-000229,Minam,2668,449234,5024359,11N,45.37,-117.64,2014,40,16873.5243,12216.0666,1,13651.9199,37.3323,0.4152,28.2366,0.295,11,50.9,0.6997,0.7833,1.9675,0.4808,0.4159,0.1875,NA,0,0,1.7403,96.3297,1.93,3.6703,2258.1757,0.1779,549.9067,4279.2037,0.7115,927.4863,0.3853,4.2691,3.024,41.2713,3.1485,562.1765,0.4103,1.9002,1.5,97,9,54.5,45.5,31.5,11.5,88.5,37.5,288.1773,0.1779,5.302,1.1106,5390.5099,1.0673,1918.1971,75.786,34,62,126,1.0714,1.7367,8.1479,28.9538,47.2066,15.6917,14.0952,26.1905,0.0396,0.5336,4.84,1,0,2.36,3423.8,78.5015,0.5865,20.8584,0.3327,Sinuous,Single,Plane-Bed,cobble-gravel,PCV,0,0,0.72,2
CBW05583-432587,Tucannon,2696,442494,5143133,11N,46.43,-117.74,2014,112,4846.5756,3668.0312,1,3091.0142,26.4922,0.2899,15.1088,0.1798,12,79.6,1.3133,0.6066,1.3728,0.4534,0.2954,0.1518,1.00E-04,0,0,2.2554,96.9636,0.781,3.0364,604.735,0.6577,146.489,2098.1612,0.9865,540.4952,0.9486,15.4549,7.2342,3.5843,0.2853,304.1109,0.2705,1.8976,9.5,69,0,11.5,88.5,13.5,25.5,74.5,54.5,0,0,0,1.0675,965.1238,2.3018,343.7997,NA,31,63,123,0.8775,1.53,4.0185,28.5878,58.1699,9.0312,1.4104,2.5246,0.0461,0.6577,1.69,1,0, -   ,1030.7838,42.6709,0.2997,11.874,0.1054,Straight,Transitional,Plane-Bed,cobble-gravel,PCV,0,0,0.76,3.9
JDW00001-Juniper Canyon 3,John Day,2769,721268,4944733,10N,44.62,-120.21,2014,184,798.6589,592.8604,1,245.5228,14.2647,0.2251,4.2853,0.1428,3,430,1.0891,0.3077,0.8923,0.2376,0.3297,0.0836,0.0021,4.8411,0,4.4021,86.3546,4.4021,13.6454,52.0518,0.5361,10.5338,521.9324,0.5361,80.8614,1.0724,1.0722,1.0722,0.2923,0,186.527,0.3367,0.1574,0.5,98,1.5,38.5,61.5,32,27,73,35.5,0,0,0,1.2395,18.8358,0.5361,5.3203,NA,20,49,101,13.1859,18.2329,8.8042,50,30.2802,10.5979,18.5714,21.2585,0.2547,1.5815,1.51,1,0, -   ,96.7155,21.8223,0.3959,3.1667,0.1499,Sinuous,Single,Plane-Bed,cobble-gravel,PCV,0,0,0.74,1.6
JDW00001-Mazama 4,John Day,2771,719632,4946406,10N,44.63,-120.23,2014,188,563.8592,419.8685,1,186.5965,8.9197,0.1495,3.9509,0.1107,7,526,1.3512,0.3739,1.149,0.29,0.3756,0.1344,0.0013,7.6141,0,4.1851,84.0154,4.1854,15.9846,153.4719,2.1016,33.4065,228.0156,2.1016,34.4341,1.0916,1.4011,1.4011,0.0592,0,142.7461,0.2344,0.1491,0,98.5,0.5,46,54,37,25,75,35.5,0,0,0,1.3394,38.381,0.7005,8.6568,NA,0.0297,17,76,8.9559,9.3872,8.9615,36.9044,27.8566,26.2775,36.4633,39.9633,0,0,0,1,0, -   ,76.4974,11.3344,0.2406,2.9396,0.1149,Sinuous,Single,Pool-Riffle,cobble-gravel,PCV,0,0,0.74,4.9
JDW00001-Meyers Camp B,John Day,2785,720959,4943306,10N,44.6,-120.21,2014,360,1641.3326,825.2376,NA,873.19,33.3508,0.7948,9.0587,0.5344,9,462,0.7714,0.365,1.2551,0.3543,0.4546,0.1681,NA,1.8155,0,2.5007,87.5297,9.0832,13.3995,304.3344,2.3911,48.0336,200.4739,2.3911,21.3617,0.8873,2.3911,1.5941,0.8247,0.1414,125.466,0.4884,0.1911,0.5,99,1,78.5,21.5,73.5,31,69,37,0,0,0,1.4639,300.1707,2.3911,87.7739,NA,12,34,57,4.35,5.6962,0,12.0135,45.0816,42.6938,36.4036,39.0577,1.1148,8.3289,9.2,1.1421,42.6048,5.29,158.2042,22.5784,0.7286,5.812,0.4629,Anabranching,Multi,Pool-Riffle,gravel-sand,PCV,0,0,0.50,7.2
JDW00001-Mazama A,John Day,2790,720257,4946012,10N,44.63,-120.22,2014,212,960.5825,805.9713,1,243.213,11.4702,0.2781,4.3091,0.1886,12,472,0.9507,0.2968,0.9075,0.2681,0.3609,0.1218,NA,8.4378,0,6.0376,82.5749,9.5918,24.0672,306.0899,1.8041,42.4546,421.196,2.2552,52.1215,1.3173,0,0,0,0,221.7117,0.2997,0.1978,0.5,99.5,1.5,43,57,32.5,11,89,22,0,0,0,1.2489,78.6787,1.3531,17.1586,NA,0.0264,24,92,2.4375,4.3239,7.078,23.8013,40.0285,29.0922,31.2587,36.737,0,0,0,1,0, -   ,111.7347,12.8492,0.2968,3.6245,0.1739,Sinuous,Single,Pool-Riffle,cobble-gravel-sand,PCV,0,0,0.84,5.4
MNM00001-000393,Minam,2898,446727,5029642,11N,45.41,-117.68,2015,36,19213.458,15008.7929,1,18779.8013,29.6765,0.106,30.1293,0.0882,8,51.5,1.2562,0.9829,1.5885,0.4838,0.168,0.1462,1.00E-04,0,0,0,100,0,0,2810.651,0.6251,1058.8003,12199.2815,0.6251,3795.6302,0.955,6.4074,0.7814,18.0098,2.3702,639.8841,NA,2.1811,7.5,86,23,47,53,21,24,76,64,0,0,0,1.054,0,0,0,57.6992,9,82,319,16.7333,19.2908,15.1605,34.4767,28.4913,21.8715,1.5,8.8333,0,0,0,1,0, -   ,4854.4309,67.6486,0.2421,23.4452,0.1211,Sinuous,Single,Plane-Bed,cobble-gravel-sand,PCV,0,0,0.78,1.3
YFI00001-001078,Yankee Fork,3146,689782,4922221,11N,44.42,-114.61,2015,24,2992.0414,2375.9473,1,1446.8802,22.9906,0.2827,10.0827,0.2141,14,22,0.6358,0.4379,1.4477,0.3607,0.2772,0.1166,5.00E-04,1.4482,0,4.9761,94.4885,2.6073,9.0316,762.3912,1.3656,191.9891,1220.9291,1.7069,233.516,0.9717,21.1661,12.29,18.3771,5.229,292.9211,0.3755,0.8982,0,97,6,7,93,4,5.5,94.5,11.5,0,0,0,1.4192,392.612,1.7069,129.4123,62.4874,12,47,97,6.8571,12.192,3.9705,42.9905,45.7737,0.7601,4.087,6.2828,1.5324,13.0752,36.41,1,0, -   ,554.9173,34.6883,0.445,8.0832,0.2663,Sinuous,Single,Pool-Riffle,cobble-gravel,UCV,0,0,0.79,4.8
CBW05583-345970,John Day,3161,311237,4908716,11N,44.3,-119.36,2015,88,399.0831,260.2034,1,161.9332,10.7027,0.3351,3.178,0.2661,21,130,1.3977,0.341,1.304,0.1194,0.5885,0.0653,1.00E-04,0.2259,0,14.3669,70.2822,15.125,29.7178,22.7082,1.5996,1.6859,150.0076,5.5986,11.1793,5.5587,49.588,31.9922,13.6679,1.6711,125.0303,NA,0.0146,6,93.5,10,8,92,3.5,14,86,25,0,0,0,1.1125,87.6302,9.5977,10.1402,67.466,5,24,73,4.25,6.9746,4.7961,13.9545,51.8352,29.4143,30.2667,48.2,3.382,8.318,8.8,1,0, -   ,23.0054,22.0955,0.8742,2.0534,0.2935,Sinuous,Single,Rapid,gravel-sand,CV,0,0,0.65,16.8
LWIN0001-000041,Wenatchee,3275,660959,5299552,10N,47.82,-120.84,2015,28,28279.1938,15261.7665,1,37392.7489,30.2929,0.3942,33.6958,0.2079,12,72,1.1558,1.3223,4.7376,1.058,0.6315,0.5619,1.00E-04,5.3483,0,7.2471,83.0566,4.348,16.9434,147.3625,0.1463,21.9688,430.6589,0.1463,47.2919,0.153,23.8504,14.4858,122.0934,1.7226,683.4258,1.5809,0.8064,8,80.5,6,16.5,83.5,8,62.5,37.5,90.5,0,0,0,1.4957,12052.7089,1.4632,8309.5165,78.7158,10,24,41,NA,NA,2.9965,8.8767,60.2556,27.8712,4.4666,7.533,0.1519,1.8437,23.19,1,0, -   ,8378.7744,40.627,1.0149,17.2709,0.3778,Meandering,Single,Pool-Riffle,gravel-sand,UCV,0,0,0.54,1.8
CBW05583-132779,Entiat,3297,686575,5310041,10N,47.91,-120.5,2015,28,21876.3149,13365.3818,2.3282,13505.4496,30.0224,0.3211,23.7207,0.2157,34,35.9,0.8367,0.6281,2.8812,0.6412,0.3189,0.2271,1.00E-04,3.1148,0,4.5808,88.0736,5.0171,12.7127,1949.2607,0.651,536.0004,2984.4138,2.1158,727.2376,1.8439,94.396,28.156,204.0384,26.659,614.4328,0.3647,1.8392,22.5,63.5,34,10.5,89.5,7.5,31.5,68.5,71,812.409,0.651,27.5338,1.138,7619.2983,2.7668,3125.3322,68.8086,20,137,367,2.2206,5.211,31.6273,22.6192,19.3314,23.3871,24.0872,31.3981,0.0469,1.302,6.27,1.4154,2308.9492,23.35,4571.3644,46.4174,0.4307,17.1344,0.2486,Anabranching,Multi,Pool-Riffle,boulder-cobble-gravel-sand,PCV,0,0,0.61,5.5
LRB_BC3220,Region 17,3413,454715,4643995,12N,41.94,-111.54,NA,NA,NA,NA,NA,NA,NA,NA,NA,NA,NA,NA,NA,NA,NA,NA,NA,NA,NA,NA,NA,NA,NA,NA,NA,NA,NA,NA,NA,NA,NA,NA,NA,NA,NA,NA,NA,NA,NA,NA,NA,NA,NA,NA,NA,NA,NA,NA,NA,NA,NA,NA,NA,NA,NA,NA,NA,NA,NA,NA,NA,NA,NA,NA,NA,NA,NA,NA,NA,NA,NA,NA, NA ,NA,NA,NA,NA,NA,Meandering,Single,Plane-Bed,cobble-gravel,PCV,0, NA , NA , NA 
LRB_66576,Region 17,3415,453203,4638061,12N,41.89,-111.56,NA,NA,NA,NA,NA,NA,NA,NA,NA,NA,NA,NA,NA,NA,NA,NA,NA,NA,NA,NA,NA,NA,NA,NA,NA,NA,NA,NA,NA,NA,NA,NA,NA,NA,NA,NA,NA,NA,NA,NA,NA,NA,NA,NA,NA,NA,NA,NA,NA,NA,NA,NA,NA,NA,NA,NA,NA,NA,NA,NA,NA,NA,NA,NA,NA,NA,NA,NA,NA,NA,NA,NA, NA ,NA,NA,NA,NA,NA,Straight,Single,Plane-Bed,cobble-gravel,PCV,0, NA , NA , NA 
CBW05583-007410,John Day,3432,372422,4949001,11N,44.68,-118.6,2015,52,1030.7329,738.6027,1.1047,353.0081,16.6441,0.2907,6.1004,0.1636,NA,53.3,0.6429,0.3212,1.4275,0.2465,0.3452,0.1,1.00E-04,NA,NA,NA,NA,NA,NA,NA,NA,NA,NA,NA,NA,7.8129,46.3549,21.9246,41.8958,0,159.6379,NA,0.1243,6,92.5,37,53,47,14,52,48,98.5,NA,NA,NA,1.154,NA,NA,NA,62.6319,30,152,319,1.7179,4.1798,NA,NA,NA,NA,4.8571,19.1058,1.0222,6.4208,7.55,1.1536,NA, NA ,121.0356,24.3782,0.4507,4.4628,0.2294,Sinuous,Single,Cascade,boulder-cobble,CV,0,0,0.72, NA 
SFT00001-000024,Walla Walla,3464,426221,5115963,11N,46.19,-117.95,NA,NA,NA,NA,NA,NA,NA,NA,NA,NA,NA,NA,NA,NA,NA,NA,NA,NA,NA,NA,NA,NA,NA,NA,NA,NA,NA,NA,NA,NA,NA,NA,NA,NA,NA,NA,NA,NA,NA,NA,NA,NA,NA,NA,NA,NA,NA,NA,NA,NA,NA,NA,NA,NA,NA,NA,NA,NA,NA,NA,NA,NA,NA,NA,NA,NA,NA,NA,NA,NA,NA,NA, NA ,NA,NA,NA,NA,NA,Sinuous,Single,Plane-Bed,gravel,PCV,0, NA , NA , NA 
CBW05583-095403,Wenatchee,3466,658612,5305627,10N,47.88,-120.87,2015,4,29328.3512,17423.3739,1,35827.7708,36.7737,0.2337,46.5601,0.1714,8,21.4,1.1161,1.2513,4.4138,1.1761,0.5574,0.571,1.00E-04,1.0467,0,13.5614,81.124,4.2679,18.876,5147.0203,0.3161,2460.389,0,0,0,0.1037,53.2675,36.3547,541.0448,137.2068,632.6557,1.541,4.7425,7,91.5,8.5,30.5,69.5,14.5,16.5,83.5,41,0,0,0,1.3392,12230.9263,0.9484,9976.0902,78.2821,13,22,37,NA,NA,0,2.3997,61.1771,36.4232,5.3333,9.7143,0.0091,0.3082,1.58,1,0, -   ,12436.4788,47.1491,0.4647,26.4053,0.2468,Meandering,Single,Pool-Riffle,gravel-sand,UCV,0,0,0.59,1.3
CBW05583-038111,Lemhi,3501,279383,5002280,12N,45.13,-113.8,2015,238,7309.1499,5694.3303,1.3976,3969.169,29.614,0.3578,15.6826,0.2388,11,NA,0.7291,0.5297,1.7758,0.4171,0.5456,0.1959,0,0.7466,0,1.6664,96.6922,0.8947,3.3078,0,0,0,2863.2796,1.26,420.8625,0.6646,15.8756,7.0558,20.3711,0,396.8351,0.521,0.7488,3.5,91.5,0,33.5,66.5,34.5,16,84,23.5,579.1153,0.504,8.419,1.1766,2971.6793,1.512,841.5087,NA,27,57,124,4.5272,7.8227,1.3067,29.5791,41.5845,27.5297,11.6667,16.2222,0.2706,3.6035,15.41,1.4115,0,9.03,1346.2194,44.6019,0.443,12.7954,0.2547,Wandering,Transitional,Plane-Bed,cobble-gravel-sand,UCV,0,0,0.78,2.8
CBW05583-219122,John Day,3512,372589,4943088,11N,44.62,-118.6,2015,72,3657.8124,3378.1985,1.4567,1479.0341,31.0257,0.273,12.3592,0.2172,20,81.4,0.6619,0.3868,0.9657,0.313,0.3875,0.1177,1.00E-04,2.2231,0,1.9941,89.9231,5.8597,10.0769,1407.5544,2.9209,273.1399,942.2305,2.9209,130.9834,0.7368,9.5972,5.4245,6.0503,4.0595,239.6528,0.1632,0.2721,1,97.5,3.5,35,65,29,21.5,78.5,30,309.0651,0.8345,3.2562,1.0801,719.3485,2.5036,192.2853,75.2665,21,74,159,0.6368,1.6939,6.5042,28.7657,43.7039,21.0263,0.5333,5,0.0269,0.6259,0.91,1.4193,150.4441,13.6,621.3366,37.8068,0.4823,11.6962,0.2483,Wandering,Transitional,Pool-Riffle,cobble-gravel,PCV,0,0,0.92,8.3
CBW05583-019570,John Day,3528,296792,4915610,11N,44.36,-119.55,2015,186,2389.0916,1966.5697,1,1399.1775,27.1255,0.3766,11.3842,0.2225,5,100,0.8795,0.5441,1.7879,0.3949,0.6824,0.2455,0,0,0,0,95,5,5,248.1693,0.4777,60.187,1108.2621,0.9555,210.6671,0.6832,0,0,0,0,209.3201,0.6945,0.4522,0,100,0.5,47,53,47.5,30,70,29.5,0,0,0,1.0621,610.1382,0.9555,294.4862,83.8076,43,79,166,6.3203,17.2209,3.2926,36.7186,25.3795,34.6093,68.8889,72.8889,0,0,0,1,0, -   ,565.3403,44.8765,0.5288,9.1707,0.2558,Sinuous,Single,Plane-Bed,cobble-gravel-sand,PCV,0,0,0.82,2.4
JDW00001-Burrow Pit B,John Day,3615,713916,4954700,10N,44.71,-120.29,2015,260,977.0008,717.8867,1,265.9738,15.317,0.1714,3.8492,0.0952,5,69.4,1.4479,0.2649,0.5159,0.1542,0.28,0.0547,NA,0,0,0,97.7745,2.2255,2.2255,141.0871,0.7872,14.9339,577.4299,1.1808,61.4104,1.2853,0,0,0,0,254.0632,NA,0.0283,0,100,0,37.5,62.5,31,12.5,87.5,19,0,0,0,1.0387,0,0,0,84.3637,0.038,55,175,4.128,11.6183,17.6665,38.8877,35.6344,7.8114,7.0426,21.8582,0,0,NA,1,0, -   ,76.3443,26.9666,0.3098,2.8167,0.1529,Straight,Single,Pool-Riffle,cobble-gravel,PCV,0,0,0.73,2
JDW00001-Pats Cabin 2,John Day,3620,715243,4952222,10N,44.69,-120.28,2015,228,2308.5707,1004.9296,2.0517,398.6803,31.3927,0.5155,6.6731,0.3693,15,658,0.3128,0.1877,0.9318,0.1932,0.5145,0.0992,5.00E-04,0.8222,0,0.1599,92.0554,8.607,9.589,300.7136,1.8881,40.6263,325.0782,2.3601,29.2833,0.8663,0,0,0,0,211.8519,0.2646,0.0675,0,100,0,21.5,78.5,16.5,10.5,89.5,15.5,159.1326,0.9441,85.6301,1.2829,204.7974,2.8322,30.0643,87.3243,0.0449,16,54,13.1818,12.9524,1.4888,18.4351,46.4671,33.6091,22.2222,30.5556,0,0,NA,1.4697,0,16.08,119.5074,34.493,0.5749,3.5736,0.3086,Anabranching,Multi,Pool-Riffle,gravel-sand,PCV,0,0,0.44,7.1
JDW00001-Upper Owens D,John Day,3637,723968,4940223,10N,44.58,-120.17,2015,176,1063.5467,735.8299,1,238.7206,15.5256,0.2017,3.7196,0.1222,15,440,1.2348,0.2313,0.5916,0.1566,0.359,0.0591,NA,0.6513,0,5.1442,85.5772,10.1602,15.9556,85.9134,1.0472,10.1684,568.5712,2.4434,50.0123,1.5543,1.3962,1.3962,0.5773,0,286.4841,0.1609,0.0699,0,100,0.5,76,24,76,8,92,8,0,0,0,1.0806,81.2347,1.7453,11.5083,63.7937,0.0526,39,88,19.4444,22.2921,2.9902,21.8933,39.9908,35.1257,48.602,49.9064,0,0,NA,1,0, -   ,71.6891,23.9272,0.386,2.5667,0.14,Sinuous,Single,Plane-Bed,cobble-gravel-sand,PCV,0,0,0.69,5.2
CBW05583-491690,Upper Grande Ronde,3701,437200,5002061,11N,45.16,-117.79,2016,40,8883.1268,7517.9211,1.2744,2796.8348,55.0328,0.3175,15.8036,0.1767,17,72.2,0.5096,0.3143,1.5118,0.301,0.6015,0.1657,NA,0,0,1.3433,95.8711,3.003,4.3462,1176.5874,0.591,209.419,3935.8401,1.3791,564.0432,0.7371,71.123,33.4928,116.6511,12.1684,507.5714,0.4387,0.8825,11.5,88,0.5,33.5,66.5,35,31,69,41.5,686.3543,0.394,6.5843,1.3115,1719.1392,1.3791,462.2152,73.7505,29,51,88,4.0132,5.3426,0.3391,31.9203,49.1842,18.5565,1.9259,7.7037,0.0863,1.852,6.49,1.3012,0,9.13,1431.4744,83.2991,0.4792,13.3489,0.219,Wandering,Transitional,Pool-Riffle,cobble-gravel,UCV,0,0,0.85,3.3
ASW00001-NF-F2 P2,Asotin,3949,476512,5122092,11N,46.25,-117.3,2016,56,2281.3697,1965.3431,1,1021.094,26.1148,0.3281,10.932,0.2373,17,98.3,0.5924,0.4476,1.0651,0.387,0.3149,0.1321,NA,0,0,1.8358,96.0651,2.0991,3.9349,494.8612,1.9326,110.9119,1003.7508,2.8989,183.8454,2.2089,43.0006,35.2702,7.1069,0.875,206.9737,0.2806,0.7214,2,95,3,23,77,26.5,19,81,20.5,0,0,0,1.2166,466.3513,3.3821,141.8392,57.4822,29,59,113,0.9375,3.9837,8.8628,25.7554,55.7845,9.5972,1.8,6.2694,0.3974,4.9523,7.81,1,0, -   ,436.5965,42.6342,0.4274,9.4736,0.2167,Sinuous,Single,Plane-Bed,cobble-gravel,UCV,0,0,0.86,8.2
YFI00001-001129,Yankee Fork,3975,681556,4912217,11N,44.33,-114.72,2016,58,1415.1836,987.3672,1,743.8818,11.9599,0.7756,5.6254,0.4667,7,107.2,0.6151,0.4695,1.3249,0.5939,0.3138,0.2174,NA,78.1771,0,15.4572,17.9716,0,93.6343,251.2122,1.475,79.4663,0,0,0,0.2031,29.5006,22.6171,20.0004,5.7842,203.3857,0.3414,0.0114,0,99.5,0,17,83,16,8.5,91.5,10,0,0,0,1.0366,736.1553,1.9667,301.3498,79.2095,0.02,0.0401,42,38,38.6369,1.2316,4.6001,2.3217,91.8466,96.1806,96.1806,0,0,NA,1,0, -   ,380.8161,12.0517,0.3736,4.3472,0.2148,Sinuous,Transitional,Pool-Riffle,sand,PCV,0,0,0.70,3.4
CBW05583-055979,Entiat,3979,684197,5314016,10N,47.95,-120.53,2016,24,23490.7991,16309.3821,1.9381,21196.0395,43.5,0.3734,30.1621,0.2708,14,32.6,0.5559,0.7182,2.337,0.7097,0.2917,0.2365,NA,0.8283,0,7.63,87.6389,3.9028,12.3611,4068.2266,0.5778,1909.3992,6667.9985,0.9629,2265.8957,0.8049,155.0302,81.2705,338.9469,34.1947,519.2536,0.5979,9.2589,22.5,70,54,22,78,5.5,58,42,104.5,3392.4177,0.9629,31.3317,1.1982,2180.7391,1.1555,1072.7305,66.5639,3,85,231,13.1275,18.7967,8.2801,55.7125,20.2017,15.8057,8.1481,11.6296,0.4028,8.9455,65.69,1.9798,0,20.8,6000.625,63.2049,0.4868,24.9227,0.2972,Anabranching,Multi,Pool-Riffle,cobble-gravel,PCV,0,0,0.69,2.7
CBW05583-141995,Entiat,3983,687555,5297482,10N,47.8,-120.49,2016,34,3880.6253,2999.055,1,2185.2471,24.9007,0.2214,13.9336,0.14,11,51.4,0.7127,0.5573,1.2279,0.4349,0.2397,0.1375,NA,4.2278,0,11.5702,67.3063,17.2317,33.0297,176.0264,0.7126,55.1393,2465.7005,2.1377,684.4988,2.2284,52.0163,25.2956,136.0904,4.855,280.6813,0.3943,1.1389,7,67,23,20.5,79.5,19.5,62.5,37.5,96.5,0,0,0,1.0869,357.3025,1.0688,121.3584,59.4629,16,113,306,3.4312,4.741,30.2629,37.2115,23.8882,8.5206,1.4667,6.9333,0.2344,2.4939,7.03,1,0, -   ,861.0053,38.8752,0.3272,10.6817,0.1928,Sinuous,Single,Plane-Bed,boulder-cobble-gravel,CV,0,0,0.77,3.9
CBW05583-503467,Entiat,3991,694267,5290554,10N,47.73,-120.4,2016,100,902.6987,494.2117,1,782.2183,12.5253,0.2144,6.9494,0.1412,16,183.3,0.7726,0.6776,1.5853,0.2827,0.3154,0.103,NA,0,0,1.6425,86.5268,11.8306,13.4732,0,0,0,349.1466,6.354,58.3014,3.874,77.0423,35.7413,13.2836,0,125.9048,0.2221,0.2064,17,61.5,5,36,64,16,69.5,30.5,128,0,0,0,1.0722,145.0651,6.354,30.2272,NA,5,61,236,7.2368,11.97,27.3251,33.5983,27.83,11.2466,7.8984,14.3569,0,0,0,1,0, -   ,88.5286,20.7752,0.3019,3.9213,0.1413,Sinuous,Single,Rapid,cobble-gravel,CV,0,0,0.55,12.7
CBW05583-014169,Methow,4000,711503,5398648,10N,48.7,-120.12,2016,48,15341.8841,9617.6288,1,13021.9794,34.0307,0.3308,29.2426,0.1827,5,36.8,1.0048,0.8461,1.8745,0.7003,0.2226,0.224,NA,1.7046,0,0,91.5908,6.7046,8.4092,1491.2042,0.2099,666.5221,5703.2197,0.4197,2358.3386,0.5603,4.8267,1.2591,29.4233,14.4033,476.5124,0.4828,5.4497,5,81.5,19,38,62,11,40.5,59.5,86,0,0,0,1.1259,2200.2846,0.4197,1226.9111,NA,7,91,164,2.0254,3.7283,3.794,50.0465,28.621,17.5384,3.3333,8,0.0272,0.6768,2.62,1,0, -   ,4251.7725,43.459,0.2503,19.1928,0.1322,Wandering,Transitional,Plane-Bed,cobble-gravel,PCV,0,0,0.63,1
WC503432-000038,Wenatchee,4024,669023,5308641,10N,47.91,-120.73,2016,28,17798.9394,11761.7296,1,28572.0695,28.3353,0.2484,33.0938,0.1487,9,57.6,1.0732,1.4402,4.1172,1.0411,0.4291,0.4106,NA,4.5692,0,14.5963,73.5433,7.2912,26.4567,2425.9724,0.5484,752.0736,0,0,0,0.0455,53.01,41.1284,116.4438,15.6316,547.0668,1.2966,2.8317,3.5,95,7.5,30,70,17,47.5,52.5,65.5,0,0,0,1.6876,9327.708,1.0968,6271.9069,71.0729,0.0877,6,18,NA,NA,0,0,18.449,81.551,35.8534,42.7296,0.071,1.764,8.35,1,0, -   ,7023.9794,41.3239,0.5977,21.3439,0.2142,Meandering,Single,Pool-Riffle,gravel-sand,UCV,0,0,0.66,1.6
CBW05583-314219,Wenatchee,4086,653017,5301820,10N,47.85,-120.95,2016,21,24005.5977,14503.7378,1,20990.0151,49.9369,0.4374,38.7481,0.1978,11,30.3,0.8448,0.8398,3.3563,0.7851,0.5527,0.3343,NA,0,0,2.3636,94.9684,2.668,5.0316,2173.2717,0.1665,421.701,1412.6119,0.3331,294.557,0.1906,8.4936,4.4966,293.4788,0.9439,600.451,0.9879,2.1112,20,76,32,29,71,1,46.5,53.5,98.5,0,0,0,1.1597,10917.8542,1.3323,5196.9693,63.4389,23,44,87,1.125,1.6421,0,36.5633,56.9875,6.4492,3.5556,6.4444,0.1711,4.1569,24.82,1,0, -   ,5913.2262,67.6353,0.4125,22.9771,0.179,Sinuous,Single,Pool-Riffle,cobble-gravel,PCV,0,0,0.60,1.8
CBW05583-170443,Tucannon,4147,443458,5142641,11N,46.43,-117.73,2016,36,7617.7396,5173.4481,2.3223,4740.4808,27.9291,0.5497,15.4828,0.4451,15,84.3,0.7516,0.572,2.5492,0.5263,0.4005,0.2404,NA,0,0,11.1956,79.435,9.3694,20.565,846.0471,1.1479,227.101,1271.1964,1.5305,273.5362,1.076,112.8736,57.3934,104.0768,10.0113,261.3542,0.3986,1.8471,17,66,0,42.5,57.5,20,51,49,107.5,1905.6544,1.9131,23.3992,1.248,1152.4954,3.061,553.466,58.9127,21,51,98,3.4186,8.7646,6.0471,21.6922,55.4822,16.7784,4.1224,8.3446,0,0,0,2.4285,0,36.82,1317.9175,38.676,0.4858,11.6115,0.3128,Anabranching,Multi,Pool-Riffle,cobble-gravel,UCV,0,0,0.68,5.7
CBW05583-214911,Tucannon,4179,446251,5120885,11N,46.23,-117.7,2016,NA,5722.7762,4271.2217,1.1611,2570.9775,31.4162,0.4551,13.9345,0.3175,7,NA,1.0196,0.4312,1.9429,0.4085,0.2771,0.1469,NA,0,0,1.9816,91.1873,7.8219,9.8035,940.0072,0.5492,245.9202,2895.3289,0.8237,658.6159,1.5204,11.8069,6.5899,11.8986,0.1578,364.1929,0,1.6834,2,93,3,47.5,52.5,32,25.5,74.5,48,312.5376,0.2746,7.492,1.1019,123.348,0.5492,43.4205,NA,44,93,195,5.9192,14.5987,18.6795,43.7901,32.3909,5.1395,NA,NA,0,0,NA,1.1643,0,7.32,974.8305,38.4164,0.3793,10.4666,0.257,Wandering,Transitional,Plane-Bed,cobble-gravel,PCV,0,0,0.75,1.9
YFI00001-000595,Yankee Fork,4182,681287,4915816,11N,44.37,-114.72,2016,24,4203.9791,3160.97,1,2501.1254,23.0645,0.1916,14.2489,0.1326,10,80.8,1.0683,0.5979,1.4549,0.385,0.1972,0.1165,NA,6.7075,0,1.7628,89.4104,4.4851,12.9554,1345.6785,1.3529,392.3675,1624.4194,1.6911,400.6738,1.0399,5.0732,1.3529,2.3412,0.3591,295.6689,0.1866,0.6361,0,92.5,0.5,27.5,72.5,10.5,27.5,72.5,52,0,0,0,1.0626,190.8722,0.3382,64.8169,73.5583,10,81,386,7.0667,8.1312,24.6261,34.8772,28.1454,12.3514,5.9619,7.2952,0,0,NA,1,0, -   ,857.8583,40.2524,0.3237,10.676,0.1547,Straight,Single,Plane-Bed,boulder-cobble-gravel,CV,0,0,0.75,3.4
