SiteName,Watershed,VisitID,UTMEasting,UTMNorthing,UTMZone,Latitude,Longitude,Year,Alk,Area_Bf,Area_Wet,BfBraid,BfVol,BfWDRat_Avg,BfWDRat_CV,BfWdth_Avg,BfWdth_CV,ChnlUnitTotal_Ct,Cond,DetrendElev_SD,DpthBf_Avg,DpthBf_Max,DpthThlwg_Avg,DpthThlwg_UF_CV,DpthWet_SD,DriftBioMass,FishCovAqVeg,FishCovArt,FishCovLW,FishCovNone,FishCovTVeg,FishCovTotal,FstNT_Area,FstNT_Freq,FstNT_Vol,FstTurb_Area,FstTurb_Freq,FstTurb_Vol,Grad,LWFreq_Bf,LWFreq_Wet,LWVol_Bf,LWVol_BfFstNT,Lgth_Wet,PoolResidDpth,Q,RipCovBigTree,RipCovCanNone,RipCovConif,RipCovGrnd,RipCovGrndNone,RipCovNonWood,RipCovUstory,RipCovUstoryNone,RipCovWood,SCSm_Area,SCSm_Freq,SC_Area_Pct,Sin,SlowWater_Area,SlowWater_Freq,SlowWater_Vol,SolarSummr_Avg,SubD16,SubD50,SubD84,SubEmbed_Avg,SubEmbed_SD,SubEstBldr,SubEstCbl,SubEstGrvl,SubEstSandFines,SubLT2,SubLT6,UcutArea_Pct,UcutLgth_Pct,Ucut_Area,WetBraid,WetSCL_Area,WetSC_Pct,WetVol,WetWDRat_Avg,WetWDRat_CV,WetWdth_Avg,WetWdth_CV,Planform,Threads,Bedform,Substrate,DamCount,BeaverDamDensity,AreaRatio_WetBF,ChnlUnit_Freq,Confinement,RT_OLDNAME,RT_FISHUSE,Geo_Cond,RS,Condition,RSCond
LRB_66576,Region 17,3415,453203,4638061,12N,41.89,-111.56,2015,NA,2091.432,1761.221,1,NA,NA,NA,NA,NA,1,NA,NA,NA,NA,NA,NA,NA,NA,NA,NA,NA,NA,NA,NA,NA,NA,NA,NA,NA,NA,1.82358,NA,0.5965413,NA,NA,167.6331,NA,NA,NA,NA,NA,NA,NA,NA,NA,NA,NA,NA,NA,NA,1.043954,NA,0,NA,NA,NA,NA,NA,NA,NA,NA,NA,NA,NA,NA,NA,NA,NA,NA,NA,NA,NA,NA,NA,NA,NA,NA,Straight,Single,Plane-Bed,cobble-gravel,0,0,0.8421,0.596540898,PCV,fan controlled partly confined,Margin_Controlled,NA,FC,poor,FCpoor
CBW05583-189938,John Day,1164,369113,4945528,11N,44.65,-118.65,2013,57,873.6134,567.5879,1.2112,196.6007,25.8124,0.2741,6.6853,0.2143,12,96.3,0.3276,0.2379,0.8488,0.1969,0.3356,0.0801,3e-4,0,0,4.2556,90.6292,5.1151,9.3708,38.2611,0.8162,6.9146,390.5432,4.0811,35.8519,2.6702,23.6706,12.2434,10.1152,0.2322,122.5148,0.1189,0.0807,8.2,89.6,14,22,78,8.5,21.5,78.5,45.4,0,0,0,1.0913,138.7449,4.8974,18.1633,NA,26,58,142,2.7384,7.5555,16.7952,37.1423,38.3219,7.7406,0.1,7.4,0.1498,1.2243,0.85,1,0,-,60.9298,36.5769,0.4623,4.6165,0.2551,Sinuous,Single,Plane-Bed,cobble-gravel,0,0,0.6497,9.794735003,CV,confined valley w/ occasional floodpockets,Conf_Floodplain,NA,FC,poor,FCpoor
ENT00001-1G16,Entiat,2499,696496,5294233,10N,47.77,-120.37,2014,24,7435.7334,6666.6838,1,6345.4487,28.9765,0.13,24.403,0.0721,1,49,0.811,0.854,1.5992,0.7546,0.1304,0.2291,NA,5,0,0,95,0,5,0,0,0,6666.6838,0.3312,3296.5516,1.1608,9.9347,2.3181,21.5768,0,301.9717,NA,4.8459,1,98,4.5,18,82,2.5,13,87,30.5,0,0,0,1.0513,0,0,0,64.9417,2,126,380,25.6471,22.7814,70,15,5,10,NA,NA,0.0159,0.4967,1.06,1,0,-,3296.5516,41.2456,0.1518,21.8949,0.0727,Sinuous,Single,Plane-Bed,boulder-cobble,0,0,0.8966,0.33115686,CV,cv_coarse_plane_bed,Conf_Floodplain,moderate,FC,poor,FCpoor
ENT00001-1BC15,Entiat,2459,703405,5283214,10N,47.67,-120.29,2014,28,7226.0965,7060.2537,1,4908.1185,45.1847,0.2083,24.1555,0.1407,1,50.5,0.9767,0.6539,1.236,0.6442,0.147,0.1712,2e-4,0,0,0,95,5,5,0,0,0,7060.2537,0.3348,3229.2378,1.0137,1.3392,1.0044,0.5701,0,298.6919,NA,7.5424,8,76,1.5,22,78,13.5,45,55,77.5,0,0,0,1.037,0,0,0,80.5164,41,164,320,18.3636,16.0147,20,50,20,10,NA,NA,0.1149,2.1427,8.11,1,0,-,3229.2384,50.1103,0.2355,23.6382,0.1514,Straight,Single,Plane-Bed,boulder-cobble-gravel,0,0,0.977,0.334793143,CV,cv_marginControlled_cobble_bed,Conf_Floodplain,moderate,FC,poor,FCpoor
CBW05583-404767,South Fork Salmon,2065,594981,4991429,11N,45.07,-115.79,2014,46,3107.1189,2438.2837,1,1737.2743,26.4579,0.323,14.1428,0.2065,16,28.1,0.8503,0.5567,1.4212,0.426,0.357,0.1628,0,0,0,6.3505,90.2429,3.9288,10.2793,0,0,0,1399.1664,2.2484,301.8144,2.7699,24.2832,5.3963,32.084,0,222.3756,0.2516,0.3633,6.5,89.5,7.5,31,69,22.5,26.5,73.5,45.5,0,0,0,1.0391,1039.1043,4.9466,279.7271,69.2396,35,110,253,2.0708,5.9692,28.1322,32.2242,22.9432,16.7005,3.7451,9.3224,0.0517,0.6071,1.26,1,0,-,581.5414,47.443,0.8713,10.9978,0.1773,Straight,Single,Plane-Bed,boulder-cobble-gravel,0,0,0.7847,7.195033988,PCV,pcv_margin_controlled_boulder_bed,Margin_Controlled,good,FC,poor,FCpoor
CBW05583-241618,South Fork Salmon,2060,590019,5013154,11N,45.26,-115.85,2014,21,7155.6221,6845.7224,1,4184.1212,30.5214,0.1302,18.3549,0.0742,1,31.7,1.4117,0.5868,1.0559,0.4604,0.1331,0.1312,1e-4,0,0,0,95,5,5,0,0,0,6830.5378,0.2572,2027.0302,1.2712,13.8869,5.6576,15.1222,0,388.8545,NA,2.5576,4,94,3.5,42,58,40.5,15.5,84.5,23,0,0,0,1.0955,0,0,0,70.5038,46,119,295,0.8214,2.2037,25,35,35,5,NA,NA,0.0288,0.45,1.97,1,0,-,2027.4167,47.6044,0.1758,17.6058,0.0827,Sinuous,Single,Plane-Bed,boulder-cobble-sand,0,0,0.9567,0.257165598,PCV,pcv_margin_controlled_cobble_bed,Margin_Controlled,moderate,FC,poor,FCpoor
CBW05583-141995,Entiat,3983,687555,5297482,10N,47.8,-120.49,2016,34,3880.6253,2999.055,1,2185.2471,24.9007,0.2214,13.9336,0.14,11,51.4,0.7127,0.5573,1.2279,0.4349,0.2397,0.1375,NA,4.2278,0,11.5702,67.3063,17.2317,33.0297,176.0264,0.7126,55.1393,2465.7005,2.1377,684.4988,2.2284,52.0163,25.2956,136.0904,4.855,280.6813,0.3943,1.1389,7,67,23,20.5,79.5,19.5,62.5,37.5,96.5,0,0,0,1.0869,357.3025,1.0688,121.3584,59.4629,16,113,306,3.4312,4.741,30.2629,37.2115,23.8882,8.5206,1.4667,6.9333,0.2344,2.4939,7.03,1,0,-,861.0053,38.8752,0.3272,10.6817,0.1928,Sinuous,Single,Plane-Bed,boulder-cobble-gravel,0,0,0.7728,3.919035575,CV,cv_occ_fpp,Conf_Floodplain,intact,FC,poor,FCpoor
dsgn4-000277,Upper Grande Ronde,2028,392552,4998648,11N,45.13,-118.36,2014,44,5750.5107,4769.2528,1,2234.2136,39.4321,0.2269,15.7277,0.1507,7,72,0.7768,0.3885,0.8426,0.2372,0.2735,0.0843,1e-4,0,0,2.9119,93.1781,3.91,6.8219,975.7853,0.8272,184.6123,3793.4674,1.1029,587.4089,1.1243,22.8847,9.0987,37.0133,17.8251,362.6885,NA,0.3656,1.5,93.5,10,57.5,42.5,37.5,22.5,77.5,49,0,0,0,1.0909,0,0,0,73.3693,8,68,186,12.3478,11.9874,7.0092,19.1116,31.0402,26.2284,8.4444,16.8889,0.0801,1.3924,3.82,1,0,-,772.0212,90.173,0.4947,13.1163,0.179,Sinuous,Single,Plane-Bed,cobble-gravel,0,0,0.8294,1.930030867,PCV,pcv_margin_controlled_dfp,Margin_Controlled,moderate,FC,poor,FCpoor
YFI00001-000595,Yankee Fork,4182,681287,4915816,11N,44.37,-114.72,2016,24,4203.9791,3160.97,1,2501.1254,23.0645,0.1916,14.2489,0.1326,10,80.8,1.0683,0.5979,1.4549,0.385,0.1972,0.1165,NA,6.7075,0,1.7628,89.4104,4.4851,12.9554,1345.6785,1.3529,392.3675,1624.4194,1.6911,400.67380000000003,1.0399,5.0732,1.3529,2.3412,0.3591,295.6689,0.1866,0.6361,0,92.5,0.5,27.5,72.5,10.5,27.5,72.5,52,0,0,0,1.0626,190.8722,0.3382,64.8169,73.5583,10,81,386,7.0667,8.1312,24.6261,34.8772,28.1454,12.3514,5.9619,7.2952,0,0,NA,1,0,-,857.8583,40.2524,0.3237,10.676,0.1547,Straight,Single,Plane-Bed,boulder-cobble-gravel,0,0,0.7519,3.3821616,CV,cv-margin-controlled cobble bed,Conf_Floodplain,NA,FC,poor,FCpoor
dsgn4-000092,Upper Grande Ronde,2141,400379,5020191,11N,45.32,-118.27,2014,52,956.3384,537.092,1,247.1559,28.6982,0.1934,7.3371,0.1375,10,128.1,1.1527,0.2586,0.5554,0.1386,0.3348,0.0531,4e-4,0,0,4.967,86.1989,12.2051,17.172,25.1744,1.5291,1.992,377.8514,3.0581,29.7336,1.6716,17.5843,11.468,5.8992000000000004,0.1767,130.7983,0.104,0.0212,8.5,88.5,14,61.5,38.5,36.5,19,81,55.5,0,0,0,1.0686,134.0661,3.0581,14.3308,37.565,9,44,126,2.2197,4.1565,11.7001,41.2923,36.7023,8.9011,7.5556,14.7778,0,0,0,1,0,-,46.0564,52.7381,0.4069,4.0775,0.242,Straight,Single,Plane-Bed,cobble-gravel,0,0,0.5616,7.645359305,PCV,pcv_marginControlled_gravel_bed,Margin_Controlled,good,FC,poor,FCpoor
CBW05583-181535,South Fork Salmon,2056,597497,4990599,11N,45.06,-115.76,2014,20,5541.4089,3651.7647,1,5798.1863,20.3044,0.1886,19.0761,0.1556,12,48,0.8693,1.0042,1.8428,0.3912,0.2641,0.1442,0,0,0,3.2495,92.2647,5.2799,8.5294,579.9732,0.3433,124.7568,2209.2897,2.0598,469.4856,1.4139,27.8075,8.5826,51.5937,13.7455,291.2882,0.2499,0.3608,17,76,30.5,36.5,63.5,23.5,50.5,49.5,87.5,0,0,0,1.0367,862.4846,1.7165,247.5113,68.6305,66,153,295,7.1654,9.9969,31.7706,34.5945,23.9312,9.7038,2.625,8.0652,0,0,0,1,0,-,841.7537,52.4424,0.5785,12.5463,0.238,Straight,Single,Plane-Bed,boulder-cobble-sand,0,0,0.659,4.119631348,CV,pcv_margin_controlled_boulder_bed,Conf_Bedrock,good,FC,poor,FCpoor
JDW00001-Upper Owens D,John Day,3637,723968,4940223,10N,44.58,-120.17,2015,176,1063.5467,735.8299,1,238.7206,15.5256,0.2017,3.7196,0.1222,15,440,1.2348,0.2313,0.5916,0.1566,0.359,0.0591,NA,0.6513,0,5.1442,85.5772,10.1602,15.9556,85.9134,1.0472,10.1684,568.5712,2.4434,50.0123,1.5543,1.3962,1.3962,0.5773,0,286.4841,0.1609,0.0699,0,100,0.5,76,24,76,8,92,8,0,0,0,1.0806,81.2347,1.7453,11.5083,63.7937,0.0526,39,88,19.4444,22.2921,2.9902,21.8933,39.9908,35.1257,48.602,49.9064,0,0,NA,1,0,-,71.6891,23.9272,0.386,2.5667,0.14,Sinuous,Single,Plane-Bed,cobble-gravel-sand,0,0,0.6919,5.235892673,PCV,pcv_planControlled_dfp,Planform_Controlled,NA,FC,poor,FCpoor
CBW05583-030730,John Day,806,352277,4942707,11N,44.62,-118.86,2012,170,682.5152,447.7078,1,145.2766,26.5636,0.309,5.3876,0.132,11,195,0.4368,0.2155,1.2139,0.1743,0.8826,0.1238,6e-4,3.2626,0,13.7147,75.2036,7.8191,24.7964,108.4096,2.3424,7.6063,227.3333,3.1232,15.6977,2.4539,11.7122,6.2465,51.4317,0.5168,128.0718,0.565,0.01,12,87,20.1,49.5,50.5,39.5,13.4,86.6,36.4,0,0,0,1.0456,111.9652,3.1232,23.3349,66.0735,12,46,130,2.9282,6.6937,8.9356,25.3452,50.62,15.0991,14.8421,32,0,0,NA,1,0,-,46.6388,39.8942,0.4899,3.4883,0.2204,Straight,Single,Pool-Riffle,cobble-gravel,0,0,0.656,8.588932146,PCV,low sinuosity margin-controlled gravel bed,Margin_Controlled,good,FC,moderate,FCmoderate
CBW05583-189938,John Day,1164,369113,4945528,11N,44.65,-118.65,2013,57,873.6134,567.5879,1.2112,196.6007,25.8124,0.2741,6.6853,0.2143,12,96.3,0.3276,0.2379,0.8488,0.1969,0.3356,0.0801,3e-4,0,0,4.2556,90.6292,5.1151,9.3708,38.2611,0.8162,6.9146,390.5432,4.0811,35.8519,2.6702,23.6706,12.2434,10.1152,0.2322,122.5148,0.1189,0.0807,8.2,89.6,14,22,78,8.5,21.5,78.5,45.4,0,0,0,1.0913,138.7449,4.8974,18.1633,NA,26,58,142,2.7384,7.5555,16.7952,37.1423,38.3219,7.7406,0.1,7.4,0.1498,1.2243,0.85,1,0,-,60.9298,36.5769,0.4623,4.6165,0.2551,Sinuous,Single,Plane-Bed,cobble-gravel,0,0,0.6497,9.794735003,CV,confined valley w/ occasional floodpockets,Conf_Floodplain,NA,FC,moderate,FCmoderate
ENT00001-1G16,Entiat,2499,696496,5294233,10N,47.77,-120.37,2014,24,7435.7334,6666.6838,1,6345.4487,28.9765,0.13,24.403,0.0721,1,49,0.811,0.854,1.5992,0.7546,0.1304,0.2291,NA,5,0,0,95,0,5,0,0,0,6666.6838,0.3312,3296.5516,1.1608,9.9347,2.3181,21.5768,0,301.9717,NA,4.8459,1,98,4.5,18,82,2.5,13,87,30.5,0,0,0,1.0513,0,0,0,64.9417,2,126,380,25.6471,22.7814,70,15,5,10,NA,NA,0.0159,0.4967,1.06,1,0,-,3296.5516,41.2456,0.1518,21.8949,0.0727,Sinuous,Single,Plane-Bed,boulder-cobble,0,0,0.8966,0.33115686,CV,cv_coarse_plane_bed,Conf_Floodplain,moderate,FC,moderate,FCmoderate
ORW03446-084462,Upper Grande Ronde,1602,432440,5065705,11N,45.74,-117.86,2013,40,7253.1089,5539.187,1.1389,4351.0248,33.132,0.2877,19.1312,0.231,6,72.9,0.8172,0.5816,1.4731,0.4192,0.281,0.1468,NA,3.2222,0,1.93,90.125,4.7836,9.9359,0,0,0,5061.8322,0.8387,1279.911,1.5313,10.3437,5.0321,5.4858,0,357.706,0.4606,1.6489,2.3,96.9,8.2,51.5,48.5,34.9,45.7,54.3,65.4,0,0,0,1.2857,477.3549,0.8387,168.7036,68.5439,43,94,200,9.7576,14.0737,6.854,42.8509,42.2934,8.0018,22.2222,22.4444,0.1764,3.2149,9.77,1.1584,0,-,1448.6145,50.4181,0.4005,14.6653,0.2434,Sinuous,Single,Plane-Bed,cobble-gravel,0,0,0.7637,1.677355146,CV,cv_gravel_bed,Conf_Floodplain,moderate,FC,moderate,FCmoderate
CBW05583-010495,Tucannon,2262,448231,5130630,11N,46.32,-117.67,2014,88,3412.441,2421.4094,1,1567.1474,31.9041,0.4943,13.9953,0.2593,11,76.5,0.6495,0.438,1.3969,0.5346,0.3136,0.1862,NA,0,0,4.041,90.332,5.627,9.668,391.4652,1.2303,132.0732,1584.222,1.6404,457.7802,1.1397,14.3533,9.4321,30.7337,0,243.8471,0.2328,2.9194,0.5,99,0,32,68,28,35,65,40,0,0,0,1.232,456.9477,1.6404,191.0878,81.3454,23,71,123,3.0615,4.8889,0.7144,36.9303,57.7964,4.5588,2.4126,3.851,0.4394,3.6908,10.64,1,0,-,780.883,32.4664,0.3871,9.7968,0.1816,Meandering,Single,Pool-Riffle,cobble-gravel,0,0,0.7096,4.511023506,PCV,PC Low-Mod Sinuosity Wandering Gravel/Cobble Bed,Planform_Controlled,moderate,FC,moderate,FCmoderate
JDW00001-Mazama A,John Day,2790,720257,4946012,10N,44.63,-120.22,2014,212,960.5825,805.9713,1,243.213,11.4702,0.2781,4.3091,0.1886,12,472,0.9507,0.2968,0.9075,0.2681,0.3609,0.1218,NA,8.4378,0,6.0376,82.5749,9.5918,24.0672,306.0899,1.8041,42.4546,421.196,2.2552,52.1215,1.3173,0,0,0,0,221.7117,0.2997,0.1978,0.5,99.5,1.5,43,57,32.5,11,89,22,0,0,0,1.2489,78.6787,1.3531,17.1586,NA,0.0264,24,92,2.4375,4.3239,7.078,23.8013,40.0285,29.0922,31.2587,36.737,0,0,0,1,0,-,111.7347,12.8492,0.2968,3.6245,0.1739,Sinuous,Single,Pool-Riffle,cobble-gravel-sand,0,0,0.839,5.412434256,PCV,pcv_fanControlled_dfp,Margin_Controlled,NA,FC,moderate,FCmoderate
CBW05583-502443,Entiat,895,690215,5296362,10N,47.79,-120.46,2012,22,2512.2807,2261.6801,1,1370.8561,24.7751,0.3856,12.7443,0.2123,10,40.3,0.6988,0.5404,1.5973,0.5338,0.3233,0.2009,3e-4,0,0,10.4277,83.1096,7.4782,17.9059,0,0,0,1699.31,2.5952,497.6133,1.97,65.3981,20.2423,61.8399,0,192.6661,0.538,2.6971,2.1,94.8,7.1,41,59,26.7,42.5,57.5,62,0,0,0,1.158,562.2734,2.5952,254.6803,67.8195,10,85,295,1.7904,3.7413,19.6772,33.9564,32.4393,13.1395,8.6667,18.6667,0.1614,2.1799,3.65,1,0,-,752.2935,33.1082,0.5006,11.4111,0.2299,Sinuous,Single,Pool-Riffle,boulder-cobble-gravel,0,0,0.9002,5.190326684,CV,cv_occ_fpp,Conf_Floodplain,intact,FC,moderate,FCmoderate
MNM00001-000444,Minam,2153,458174,5012856,11N,45.26,-117.53,2014,36,9715.7986,8189.8074,1,7498.3431,35.2264,0.2519,22.5179,0.1597,18,40.9,0.8855,0.7391,2.0748,0.5902,0.291,0.1905,NA,0,0,2.2696,89.7229,8.0075,10.2771,0,0,0,5187.4963,1.6263,1749.9912,1.6028,4.4142,3.0203,10.3837,0,430.4262,0.1628,2.4014,6.5,90,15,46,54,32,19,81,43,0,0,0,1.1115,3002.2977,2.5556,1287.7448,49.4569,21,175,317,1.2674,1.6011,22.2093,56.316,15.1203,6.3545,3.3333,4.6061,0,0,0,1,0,-,3037.7359,52.5919,0.2868,19.0829,0.1799,Sinuous,Single,Plane-Bed,boulder-cobble,0,0,0.8429,4.181901566,CV,cv_occ_fpp,Conf_Floodplain,intact,FC,moderate,FCmoderate
WC503432-000029,Wenatchee,2338,680750,5251198,10N,47.38,-120.6,2014,80,496.7392,355.1794,1,128.8437,14.2602,0.2358,3.9314,0.1214,13,229,1.1115,0.2664,0.7681,0.2042,0.4317,0.0876,4e-4,0,0,2.1903,86.6586,11.1511,13.3414,28.5233,0.7935,4.7894,194.9455,3.9674,19.4571,2.3797,21.4241,12.6958,6.5312,0.0679,126.0262,0.2399,0.0381,9.5,82.5,17.5,29,71,27,35,65,54.5,0,0,0,1.1187,131.7105,5.5544,19.219,21.5204,2,16,144,14.8929,18.6554,5.5163,24.3343,31.6709,38.4785,19.1304,22.3478,0.1661,0.7935,0.59,1,0,-,43.4655,22.7598,0.4775,2.8117,0.1537,Sinuous,Single,Pool-Riffle,cobble-gravel-sand,0,0,0.715,10.31531539,CV,cv_occ_fpp,Conf_Floodplain,poor,FC,moderate,FCmoderate
CBW05583-080335,Lemhi,1027,309682,4940131,12N,44.58,-113.39,2012,60,1690.3675,1460.9994,1,524.743,22.3407,0.27,8.2976,0.1529,12,35,0.5983,0.3232,0.8817,0.3065,0.3111,0.0974,1e-4,0,0,0.923,98.0418,1.0352,1.9582,935.5957,1.9602,169.3351,385.1178,1.9602,59.9147,1.0163,0,0,0,0,204.0636,0.1906,0.5385,0,99.8,0,59,41,23.8,36.8,63.2,72.2,0,0,0,1.125,140.1328,1.9602,37.8887,76.473,16,45,103,7.1286,14.8401,1.6371,45.5769,40.6984,12.0875,1.3333,6.7619,0.3155,4.1041,4.61,1,0,-,267.1385,37.2526,0.4564,7.1607,0.1854,Sinuous,Single,Pool-Riffle,cobble-gravel,0,0,0.8643,5.880519603,PCV,pcv_lowSin_planControlled_dfp,Planform_Controlled,good,FC,moderate,FCmoderate
CBW05583-315823,Lemhi,1587,288254,4966813,12N,44.82,-113.67,2013,40,3411.5403,2729.5436,1,1291.1411,31.173,0.322,14.1136,0.2142,5,71.5,1.205,0.4036,1.0428,0.3431,0.2183,0.1101,NA,4.8045,0,4.6422,84.1984,6.355,15.8016,302.1801,0.4117,68.0909,2321.4813,1.2352,475.3147,1.9432,17.7049,6.5879,13.1547,0,242.871,0.2952,0.7572,14.5,77.5,0,52.5,47.5,32.5,44,56,86.5,0,0,0,1.1076,106.7812,0.4117,33.8601,75.8881,49,113,283,1.1227,1.4859,17.3855,36.8656,38.645,7.1039,0.6667,1.6667,0.1502,2.2646,4.1,1,0,-,577.2608,47.0107,0.303,11.243,0.1753,Sinuous,Single,Plane-Bed,boulder-cobble-gravel,0,0,0.8001,2.058706062,PCV,PCV_LowSin_PlanControlled_DFP,Planform_Controlled,poor,FC,moderate,FCmoderate
CBW05583-241618,South Fork Salmon,2060,590019,5013154,11N,45.26,-115.85,2014,21,7155.6221,6845.7224,1,4184.1212,30.5214,0.1302,18.3549,0.0742,1,31.7,1.4117,0.5868,1.0559,0.4604,0.1331,0.1312,1e-4,0,0,0,95,5,5,0,0,0,6830.5378,0.2572,2027.0302,1.2712,13.8869,5.6576,15.1222,0,388.8545,NA,2.5576,4,94,3.5,42,58,40.5,15.5,84.5,23,0,0,0,1.0955,0,0,0,70.5038,46,119,295,0.8214,2.2037,25,35,35,5,NA,NA,0.0288,0.45,1.97,1,0,-,2027.4167,47.6044,0.1758,17.6058,0.0827,Sinuous,Single,Plane-Bed,boulder-cobble-sand,0,0,0.9567,0.257165598,PCV,pcv_margin_controlled_cobble_bed,Margin_Controlled,moderate,FC,moderate,FCmoderate
CBW05583-141995,Entiat,3983,687555,5297482,10N,47.8,-120.49,2016,34,3880.6253,2999.055,1,2185.2471,24.9007,0.2214,13.9336,0.14,11,51.4,0.7127,0.5573,1.2279,0.4349,0.2397,0.1375,NA,4.2278,0,11.5702,67.3063,17.2317,33.0297,176.0264,0.7126,55.1393,2465.7005,2.1377,684.4988,2.2284,52.0163,25.2956,136.0904,4.855,280.6813,0.3943,1.1389,7,67,23,20.5,79.5,19.5,62.5,37.5,96.5,0,0,0,1.0869,357.3025,1.0688,121.3584,59.4629,16,113,306,3.4312,4.741,30.2629,37.2115,23.8882,8.5206,1.4667,6.9333,0.2344,2.4939,7.03,1,0,-,861.0053,38.8752,0.3272,10.6817,0.1928,Sinuous,Single,Plane-Bed,boulder-cobble-gravel,0,0,0.7728,3.919035575,CV,cv_occ_fpp,Conf_Floodplain,intact,FC,moderate,FCmoderate
dsgn4-000277,Upper Grande Ronde,2028,392552,4998648,11N,45.13,-118.36,2014,44,5750.5107,4769.2528,1,2234.2136,39.4321,0.2269,15.7277,0.1507,7,72,0.7768,0.3885,0.8426,0.2372,0.2735,0.0843,1e-4,0,0,2.9119,93.1781,3.91,6.8219,975.7853,0.8272,184.6123,3793.4674,1.1029,587.4089,1.1243,22.8847,9.0987,37.0133,17.8251,362.6885,NA,0.3656,1.5,93.5,10,57.5,42.5,37.5,22.5,77.5,49,0,0,0,1.0909,0,0,0,73.3693,8,68,186,12.3478,11.9874,7.0092,19.1116,31.0402,26.2284,8.4444,16.8889,0.0801,1.3924,3.82,1,0,-,772.0212,90.173,0.4947,13.1163,0.179,Sinuous,Single,Plane-Bed,cobble-gravel,0,0,0.8294,1.930030867,PCV,pcv_margin_controlled_dfp,Margin_Controlled,moderate,FC,moderate,FCmoderate
CBW05583-423282,John Day,2435,312414,4905337,11N,44.27,-119.35,2014,412,929.0007,549.1016,1,254.2292,25.5165,0.3344,6.1792,0.2191,11,220,0.6872,0.2622,0.7333,0.1322,0.4906,0.0692,3e-4,16.7249,0,5.3966,68.4352,9.4433,31.5648,225.2999,2.6949,20.9528,267.8765,3.3687,21.8667,1.228,4.0424,4.0424,6.3166,0.4811,148.4272,0.0899,0.0396,3,80.5,12,46.5,53.5,38.5,32,68,59.5,0,0,0,1.2785,55.9252,1.3475,7.3838,51.2418,15,42,109,6.3438,9.7188,5.0035,18.7391,63.3627,12.8947,1.2222,7.7778,0,0,0,1,0,-,50.2033,47.0581,0.6183,3.6221,0.268,Sinuous,Single,Plane-Bed,gravel,0,0,0.5911,7.411040564,PCV,pcv_margin_controlled_dfp,Margin_Controlled,good,FC,moderate,FCmoderate
JDW00001-Juniper Canyon 3,John Day,2769,721268,4944733,10N,44.62,-120.21,2014,184,798.6589,592.8604,1,245.5228,14.2647,0.2251,4.2853,0.1428,3,430,1.0891,0.3077,0.8923,0.2376,0.3297,0.0836,0.0021,4.8411,0,4.4021,86.3546,4.4021,13.6454,52.0518,0.5361,10.5338,521.9324,0.5361,80.8614,1.0724,1.0722,1.0722,0.2923,0,186.527,0.3367,0.1574,0.5,98,1.5,38.5,61.5,32,27,73,35.5,0,0,0,1.2395,18.8358,0.5361,5.3203,NA,20,49,101,13.1859,18.2329,8.8042,50,30.2802,10.5979,18.5714,21.2585,0.2547,1.5815,1.51,1,0,-,96.7155,21.8223,0.3959,3.1667,0.1499,Sinuous,Single,Plane-Bed,cobble-gravel,0,0,0.7423,1.608346245,PCV,pcv_marginControlled_dfp,Margin_Controlled,moderate,FC,moderate,FCmoderate
YFI00001-000595,Yankee Fork,4182,681287,4915816,11N,44.37,-114.72,2016,24,4203.9791,3160.97,1,2501.1254,23.0645,0.1916,14.2489,0.1326,10,80.8,1.0683,0.5979,1.4549,0.385,0.1972,0.1165,NA,6.7075,0,1.7628,89.4104,4.4851,12.9554,1345.6785,1.3529,392.3675,1624.4194,1.6911,400.67380000000003,1.0399,5.0732,1.3529,2.3412,0.3591,295.6689,0.1866,0.6361,0,92.5,0.5,27.5,72.5,10.5,27.5,72.5,52,0,0,0,1.0626,190.8722,0.3382,64.8169,73.5583,10,81,386,7.0667,8.1312,24.6261,34.8772,28.1454,12.3514,5.9619,7.2952,0,0,NA,1,0,-,857.8583,40.2524,0.3237,10.676,0.1547,Straight,Single,Plane-Bed,boulder-cobble-gravel,0,0,0.7519,3.3821616,CV,cv-margin-controlled cobble bed,Conf_Floodplain,NA,FC,moderate,FCmoderate
dsgn4-000092,Upper Grande Ronde,2141,400379,5020191,11N,45.32,-118.27,2014,52,956.3384,537.092,1,247.1559,28.6982,0.1934,7.3371,0.1375,10,128.1,1.1527,0.2586,0.5554,0.1386,0.3348,0.0531,4e-4,0,0,4.967,86.1989,12.2051,17.172,25.1744,1.5291,1.992,377.8514,3.0581,29.7336,1.6716,17.5843,11.468,5.8992000000000004,0.1767,130.7983,0.104,0.0212,8.5,88.5,14,61.5,38.5,36.5,19,81,55.5,0,0,0,1.0686,134.0661,3.0581,14.3308,37.565,9,44,126,2.2197,4.1565,11.7001,41.2923,36.7023,8.9011,7.5556,14.7778,0,0,0,1,0,-,46.0564,52.7381,0.4069,4.0775,0.242,Straight,Single,Plane-Bed,cobble-gravel,0,0,0.5616,7.645359305,PCV,pcv_marginControlled_gravel_bed,Margin_Controlled,good,FC,moderate,FCmoderate
JDW00001-Upper Owens D,John Day,3637,723968,4940223,10N,44.58,-120.17,2015,176,1063.5467,735.8299,1,238.7206,15.5256,0.2017,3.7196,0.1222,15,440,1.2348,0.2313,0.5916,0.1566,0.359,0.0591,NA,0.6513,0,5.1442,85.5772,10.1602,15.9556,85.9134,1.0472,10.1684,568.5712,2.4434,50.0123,1.5543,1.3962,1.3962,0.5773,0,286.4841,0.1609,0.0699,0,100,0.5,76,24,76,8,92,8,0,0,0,1.0806,81.2347,1.7453,11.5083,63.7937,0.0526,39,88,19.4444,22.2921,2.9902,21.8933,39.9908,35.1257,48.602,49.9064,0,0,NA,1,0,-,71.6891,23.9272,0.386,2.5667,0.14,Sinuous,Single,Plane-Bed,cobble-gravel-sand,0,0,0.6919,5.235892673,PCV,pcv_planControlled_dfp,Planform_Controlled,NA,FC,moderate,FCmoderate
ORW03446-077704,Upper Grande Ronde,664,384049,5008477,11N,45.22,-118.47,2012,98,540.4135,349.8866,1.2004,138.5792,19.1598,0.365,3.8347,0.2325,15,128,0.7152,0.2232,0.5886,0.1163,0.56,0.0577,0,0.352,0.0623,9.3508,80.8761,9.3588,19.1239,29.7683,1.6549,1.4657,188.1666,4.9647,10.408,3.0696,116.6713,50.4748,3.6458,0.0611,120.8523,0.133,0.0116,10.7,73,16.3,83.5,16.5,46.3,30.5,69.5,94.7,0,0,0,1.1927,129.8645,5.7922,9.2833,32.613,16,29,58,8.2174,8.8726,6.5218,56.4132,25.2076,11.8573,4.6957,7.913,0.6688,2.8961,2.34,1.0707,30.6756,8.82,21.157,31.2168,0.4545,2.5491,0.2995,Wandering,Transitional,Rapid,cobble-gravel,0,0,0.6474,12.41184487,CV,cv_gravel_bed,Conf_Floodplain,moderate,FC,good,FCgood
CBW05583-362335,Lemhi,548,NA,NA,12N,45.05,-113.59,2012,34,693.4673,548.1384,1,174.3212,17.1167,0.4817,4.5917,0.3383,17,55.5,2.4392,0.2607,0.9089,0.256,0.4508,0.1089,0.0012,0,0,9.958,57.2173,35.2423,45.2003,30.2062,0.6581,5.4026,279.7687,3.9486,30.2899,2.976,37.5117,26.9821,5.8205,0.2119,151.9526,0.275,0.1265,1.5,91.5,2.5,48.8,51.2,11.5,51.1,48.9,96.9,0,0,0,1.4425,238.1329,6.581,46.2851,53.2792,14,43,98,1.1311,2.5198,8.1183,29.5298,46.8,10.4717,2.2866,7.087,2.565,10.5296,14.06,1,0,-,81.9776,23.1859,0.7047,3.579,0.3529,Sinuous,Single,Pool-Riffle,cobble-gravel,0,0,0.7904,11.18769932,CV,cv_occ_fpp,Conf_Floodplain,good,FC,good,FCgood
CBW05583-502443,Entiat,895,690215,5296362,10N,47.79,-120.46,2012,22,2512.2807,2261.6801,1,1370.8561,24.7751,0.3856,12.7443,0.2123,10,40.3,0.6988,0.5404,1.5973,0.5338,0.3233,0.2009,3e-4,0,0,10.4277,83.1096,7.4782,17.9059,0,0,0,1699.31,2.5952,497.6133,1.97,65.3981,20.2423,61.8399,0,192.6661,0.538,2.6971,2.1,94.8,7.1,41,59,26.7,42.5,57.5,62,0,0,0,1.158,562.2734,2.5952,254.6803,67.8195,10,85,295,1.7904,3.7413,19.6772,33.9564,32.4393,13.1395,8.6667,18.6667,0.1614,2.1799,3.65,1,0,-,752.2935,33.1082,0.5006,11.4111,0.2299,Sinuous,Single,Pool-Riffle,boulder-cobble-gravel,0,0,0.9002,5.190326684,CV,cv_occ_fpp,Conf_Floodplain,intact,FC,good,FCgood
CBW05583-492715,Wenatchee,1735,670770,5310630,10N,47.92,-120.71,2013,40,2087.5993,1437.7413,1,907.4962,29.8999,0.7619,10.2217,0.4529,10,87.5,1.094,0.4223,1.3189,0.2796,0.445,0.1319,NA,0,0,7.5629,83.85,8.5872,16.15,142.5455,0.4926,28.6718,930.2077,1.9704,130.8616,1.991,138.4211,93.5943,63.2344,1.4344,203.0038,0.3659,0.2822,17.6,76.2,41,32.9,67.1,19.9,33.1,66.9,69.9,0,0,0,1.1209,254.7939,2.463,71.7219,19.0948,28,62,123,5.0729,9.7453,3.7497,38.3663,43.0066,9.2988,8,16,0.9737,8.0048,14,1,0,-,243.3727,40.7647,0.8621,7.1183,0.3965,Wandering,Transitional,Step-Pool,cobble-gravel,0,0,0.6887,4.926016163,CV,cv_occ_fpp,Conf_Floodplain,good,FC,good,FCgood
WC503432-000029,Wenatchee,2338,680750,5251198,10N,47.38,-120.6,2014,80,496.7392,355.1794,1,128.8437,14.2602,0.2358,3.9314,0.1214,13,229,1.1115,0.2664,0.7681,0.2042,0.4317,0.0876,4e-4,0,0,2.1903,86.6586,11.1511,13.3414,28.5233,0.7935,4.7894,194.9455,3.9674,19.4571,2.3797,21.4241,12.6958,6.5312,0.0679,126.0262,0.2399,0.0381,9.5,82.5,17.5,29,71,27,35,65,54.5,0,0,0,1.1187,131.7105,5.5544,19.219,21.5204,2,16,144,14.8929,18.6554,5.5163,24.3343,31.6709,38.4785,19.1304,22.3478,0.1661,0.7935,0.59,1,0,-,43.4655,22.7598,0.4775,2.8117,0.1537,Sinuous,Single,Pool-Riffle,cobble-gravel-sand,0,0,0.715,10.31531539,CV,cv_occ_fpp,Conf_Floodplain,poor,FC,good,FCgood
CBW05583-036697,Methow,1521,710707,5395017,10N,48.67,-120.13,2013,24,21389.0674,16949.0865,1,18872.8908,38.0989,0.2856,34.7684,0.1917,9,39.8,0.7923,0.8966,1.7883,0.7002,0.3313,0.2358,NA,0,0,1.2899,98.3808,0.3293,1.6192,7468.3852,0.4922,3782.1726,8088.5505,0.6563,3386.7484,0.5307,6.7273,2.6253,16.8755,1.8893,609.4542,0.2427,5.5306,11.3,80.2,26.7,61,39,29.8,30.2,69.8,81.2,0,0,0,1.098,1387.3387,0.3282,829.0333,NA,34,86,135,0.0786,0.3056,10.8027,59.0453,25.7686,4.3834,8.9333,15.2,0.0226,0.5743,3.83,1,0,-,7998.2594,62.7133,0.4733,27.7552,0.2109,Sinuous,Single,Plane-Bed,cobble-gravel,0,0,0.7924,1.476731147,PCV,Low To Moderate Sinuosity Planform-Controlled Discontinuous Floodplain,Planform_Controlled,good,AF,poor,AFpoor
ENT00001-1BC7,Entiat,1783,705691,5282743,10N,47.66,-120.25,2013,72,9976.8155,8545.119,1,7545.8299,38.9201,0.1205,30.5931,0.0983,4,64,0.6075,0.7613,1.4221,0.5772,0.2397,0.1733,NA,0,0,0,95.929,4.071,4.071,1438.1585,0.3083,514.2715,6957.4681,0.6166,2336.1729,0.7562,1.2332,0.3083,0.7654,0,324.3568,0.0964,3.5165,12.2,78.2,1.6,34.3,65.7,18.8,36.5,63.5,73.8,0,0,0,1.0493,149.4925,0.3083,84.6913,74.8885,69,158,322,8.9958,11.264,39.7015,26.2153,21.9693,12.1139,2.3333,2.6667,0,0,NA,1,0,-,2935.1356,70.5129,0.2527,26.2468,0.1545,Straight,Single,Plane-Bed,boulder-cobble-gravel,0,0,0.8565,1.233209848,UCV,ucv_lowSin_cobble_bed,Wandering_Gravel,moderate,AF,poor,AFpoor
CBW05583-385561,Methow,1096,690538,5385609,10N,48.59,-120.41,2012,80,18499.5561,12044.2553,1,10460.4244,74.2542,0.3872,35.7983,0.2466,6,83.5,1.153,0.5442,1.712,0.4194,0.5465,0.18,1e-4,2.2205,0,2.4449,94.206,1.1285,5.794,1791.9934,0.1914,427.3011,6683.2506,0.3828,999.0466,0.5937,2.8708,0.3828,5.2367,0.0407,522.5056,0.5315,1.5259,9.4,90.4,10.8,38.6,61.4,25.4,23.1,76.9,45.9,0,0,0,1.1846,3569.0113,0.5742,1370.2447,NA,15,67,175,0.0479,0.2939,3.6611,34.539,57.006,4.7939,0.3333,1,0.0179,0.7655,2.15,1,0,-,2796.5928,107.0454,0.7036,22.849,0.3273,Sinuous,Single,Plane-Bed,cobble-gravel,0,0,0.6511,1.148313052,UCV,ucv_lowSin_wandering_cobble_bed,Wandering_Gravel,moderate,AF,poor,AFpoor
CBW05583-339839,Tucannon,1486,443170,5140042,11N,46.41,-117.73,2013,52,3337.7103,3001.347,1,1485.4788,23.5119,0.2475,12.0907,0.1231,4,72.8,1.1894,0.4587,1.1563,0.5078,0.3596,0.1597,NA,0,8.2234,4.2166,83.275,12.5083,24.9483,513.1805,0.3631,197.5405,2020.2333,0.7262,618.0229,0.7982,6.8991,3.268,9.5131,0.9805,275.3983,0.5847,1.9431,5,91,0,19,81,17.5,17.5,82.5,28,0,0,0,1.0539,470.6727,0.3631,213.8983,64.3393,29,65,123,4.4856,10.3566,11.6518,54.2778,25.715,8.3553,0.3333,3.3333,0,0,NA,1,0,-,1029.4616,32.7695,0.3313,10.8689,0.1364,Straight,Single,Plane-Bed,cobble-gravel,0,0,0.8992,1.452441791,PCV,pcv_lowSin_marginControlled_dfp,Margin_Controlled,poor,AF,poor,AFpoor
CBW05583-315823,Lemhi,1587,288254,4966813,12N,44.82,-113.67,2013,40,3411.5403,2729.5436,1,1291.1411,31.173,0.322,14.1136,0.2142,5,71.5,1.205,0.4036,1.0428,0.3431,0.2183,0.1101,NA,4.8045,0,4.6422,84.1984,6.355,15.8016,302.1801,0.4117,68.0909,2321.4813,1.2352,475.3147,1.9432,17.7049,6.5879,13.1547,0,242.871,0.2952,0.7572,14.5,77.5,0,52.5,47.5,32.5,44,56,86.5,0,0,0,1.1076,106.7812,0.4117,33.8601,75.8881,49,113,283,1.1227,1.4859,17.3855,36.8656,38.645,7.1039,0.6667,1.6667,0.1502,2.2646,4.1,1,0,-,577.2608,47.0107,0.303,11.243,0.1753,Sinuous,Single,Plane-Bed,boulder-cobble-gravel,0,0,0.8001,2.058706062,PCV,PCV_LowSin_PlanControlled_DFP,Planform_Controlled,poor,AF,poor,AFpoor
CBW05583-404767,South Fork Salmon,2065,594981,4991429,11N,45.07,-115.79,2014,46,3107.1189,2438.2837,1,1737.2743,26.4579,0.323,14.1428,0.2065,16,28.1,0.8503,0.5567,1.4212,0.426,0.357,0.1628,0,0,0,6.3505,90.2429,3.9288,10.2793,0,0,0,1399.1664,2.2484,301.8144,2.7699,24.2832,5.3963,32.084,0,222.3756,0.2516,0.3633,6.5,89.5,7.5,31,69,22.5,26.5,73.5,45.5,0,0,0,1.0391,1039.1043,4.9466,279.7271,69.2396,35,110,253,2.0708,5.9692,28.1322,32.2242,22.9432,16.7005,3.7451,9.3224,0.0517,0.6071,1.26,1,0,-,581.5414,47.443,0.8713,10.9978,0.1773,Straight,Single,Plane-Bed,boulder-cobble-gravel,0,0,0.7847,7.195033988,PCV,pcv_margin_controlled_boulder_bed,Margin_Controlled,good,AF,poor,AFpoor
CBW05583-241618,South Fork Salmon,2060,590019,5013154,11N,45.26,-115.85,2014,21,7155.6221,6845.7224,1,4184.1212,30.5214,0.1302,18.3549,0.0742,1,31.7,1.4117,0.5868,1.0559,0.4604,0.1331,0.1312,1e-4,0,0,0,95,5,5,0,0,0,6830.5378,0.2572,2027.0302,1.2712,13.8869,5.6576,15.1222,0,388.8545,NA,2.5576,4,94,3.5,42,58,40.5,15.5,84.5,23,0,0,0,1.0955,0,0,0,70.5038,46,119,295,0.8214,2.2037,25,35,35,5,NA,NA,0.0288,0.45,1.97,1,0,-,2027.4167,47.6044,0.1758,17.6058,0.0827,Sinuous,Single,Plane-Bed,boulder-cobble-sand,0,0,0.9567,0.257165598,PCV,pcv_margin_controlled_cobble_bed,Margin_Controlled,moderate,AF,poor,AFpoor
dsgn4-000277,Upper Grande Ronde,2028,392552,4998648,11N,45.13,-118.36,2014,44,5750.5107,4769.2528,1,2234.2136,39.4321,0.2269,15.7277,0.1507,7,72,0.7768,0.3885,0.8426,0.2372,0.2735,0.0843,1e-4,0,0,2.9119,93.1781,3.91,6.8219,975.7853,0.8272,184.6123,3793.4674,1.1029,587.4089,1.1243,22.8847,9.0987,37.0133,17.8251,362.6885,NA,0.3656,1.5,93.5,10,57.5,42.5,37.5,22.5,77.5,49,0,0,0,1.0909,0,0,0,73.3693,8,68,186,12.3478,11.9874,7.0092,19.1116,31.0402,26.2284,8.4444,16.8889,0.0801,1.3924,3.82,1,0,-,772.0212,90.173,0.4947,13.1163,0.179,Sinuous,Single,Plane-Bed,cobble-gravel,0,0,0.8294,1.930030867,PCV,pcv_margin_controlled_dfp,Margin_Controlled,moderate,AF,poor,AFpoor
CBW05583-019570,John Day,3528,296792,4915610,11N,44.36,-119.55,2015,186,2389.0916,1966.5697,1,1399.1775,27.1255,0.3766,11.3842,0.2225,5,100,0.8795,0.5441,1.7879,0.3949,0.6824,0.2455,0,0,0,0,95,5,5,248.1693,0.4777,60.187,1108.2621,0.9555,210.6671,0.6832,0,0,0,0,209.3201,0.6945,0.4522,0,100,0.5,47,53,47.5,30,70,29.5,0,0,0,1.0621,610.1382,0.9555,294.4862,83.8076,43,79,166,6.3203,17.2209,3.2926,36.7186,25.3795,34.6093,68.8889,72.8889,0,0,0,1,0,-,565.3403,44.8765,0.5288,9.1707,0.2558,Sinuous,Single,Plane-Bed,cobble-gravel-sand,0,0,0.8231,2.388686036,PCV,pcv_margin_controlled_dfp,Margin_Controlled,good,AF,poor,AFpoor
CBW05583-207602,John Day,665,379777,4938976,11N,44.59,-118.51,2012,65,950.645,816.3564,1,279.8062,18.6949,0.3858,5.8588,0.1558,7,49,0.7953,0.3049,0.6624,0.3117,0.3102,0.1074,3e-4,1.6382,0.2456,0.768,92.0284,5.3198,7.9716,656.9292,1.8504,138.8028,75.13,0.6168,12.1717,0.7228,0,0,0,0,162.1314,0.0416,0.3115,0,99,2.5,33.1,66.9,35.6,10.7,89.3,9.2,0,0,0,1.0104,84.2972,1.8504,22.5782,97.9526,0.714,28,123,7.7615,12.1314,12.1102,41.47,33.4893,12.9304,0.4444,14.2222,0,0,NA,1,0,-,173.5527,22.018,0.5036,5.0262,0.1489,Straight,Single,Plane-Bed,cobble-gravel,0,0,0.8587,4.317485694,PCV,pcv_marginControlled_dfp,Margin_Controlled,poor,AF,poor,AFpoor
CBW05583-420019,Tucannon,1494,417942,5150613,11N,46.5,-118.06,2013,64,4225.7699,3846.563,1,2258.5818,21.5507,0.2316,13.4685,0.1069,10,125.7,0.5384,0.5484,1.772,0.4929,0.4816,0.2023,NA,0,0,1.2848,91.6653,7.0498,8.3347,964.3223,0.9572,296.0737,1613.1134,1.2763,417.2184,0.3662,4.1479,2.2335,1.4798,0,313.4119,0.6416,1.8032,0,89.5,0,74,26,73.5,28,72,39,0,0,0,1.0201,1269.1516,0.9572,606.1192,85.3304,3,47,82,22.0517,21.9704,0.6718,7.996,75.9764,14.3102,14.5556,20,0.0819,1.037,3.15,1,0,-,1319.4116,38.7876,0.3374,12.2687,0.1136,Straight,Single,Plane-Bed,gravel,0,0,0.9103,3.190689313,PCV,pcv_marginControlled_dfp,Margin_Controlled,poor,AF,poor,AFpoor
MNM00001-000393,Minam,2898,446727,5029642,11N,45.41,-117.68,2015,36,19213.458,15008.7929,1,18779.8013,29.6765,0.106,30.1293,0.0882,8,51.5,1.2562,0.9829,1.5885,0.4838,0.168,0.1462,1e-4,0,0,0,100,0,0,2810.651,0.6251,1058.8003,12199.2815,0.6251,3795.6302,0.955,6.4074,0.7814,18.0098,2.3702,639.8841,NA,2.1811,7.5,86,23,47,53,21,24,76,64,0,0,0,1.054,0,0,0,57.6992,9,82,319,16.7333,19.2908,15.1605,34.4767,28.4913,21.8715,1.5,8.8333,0,0,0,1,0,-,4854.4309,67.6486,0.2421,23.4452,0.1211,Sinuous,Single,Plane-Bed,cobble-gravel-sand,0,0,0.7812,1.250226408,PCV,pcv_marginControlled_dfp,Margin_Controlled,NA,AF,poor,AFpoor
LEM00002-000004,Lemhi,294,285056,4998214,12N,45.11,-113.74,2011,196,9359.2351,8763.388,1,5053.0733,40.8991,0.292,21.0676,0.2116,5,440,0.3032,0.5365,1.2003,0.5112,0.2834,0.1465,NA,NA,0,5.42,84.58,5,15.42,4573.7821,0.4515,1661.4896,3450.8575,0.4515,920.9337,0.6074,11.5139,7.4502,12.1871,3.4474,442.9437,0.4825,5.872,10.6,81.4,0,92,8,81.7,25,75,53.9,0,0,0,1.0504,735.8286,0.2258,292.4771,72.2982,20,78,150,NA,NA,1.6166,40.7419,59.2581,0,0,0,0,0,NA,1,0,-,2874.9,74.5957,0.4545,19.7638,0.2169,Straight,Single,Plane-Bed,cobble-gravel,0,0,0.9363,1.12881163,PCV,pcv_marginControlled_gravel_Bed,Margin_Controlled,moderate,AF,poor,AFpoor
dsgn4-000092,Upper Grande Ronde,2141,400379,5020191,11N,45.32,-118.27,2014,52,956.3384,537.092,1,247.1559,28.6982,0.1934,7.3371,0.1375,10,128.1,1.1527,0.2586,0.5554,0.1386,0.3348,0.0531,4e-4,0,0,4.967,86.1989,12.2051,17.172,25.1744,1.5291,1.992,377.8514,3.0581,29.7336,1.6716,17.5843,11.468,5.8992000000000004,0.1767,130.7983,0.104,0.0212,8.5,88.5,14,61.5,38.5,36.5,19,81,55.5,0,0,0,1.0686,134.0661,3.0581,14.3308,37.565,9,44,126,2.2197,4.1565,11.7001,41.2923,36.7023,8.9011,7.5556,14.7778,0,0,0,1,0,-,46.0564,52.7381,0.4069,4.0775,0.242,Straight,Single,Plane-Bed,cobble-gravel,0,0,0.5616,7.645359305,PCV,pcv_marginControlled_gravel_bed,Margin_Controlled,good,AF,poor,AFpoor
MNM00001-000229,Minam,2668,449234,5024359,11N,45.37,-117.64,2014,40,16873.5243,12216.0666,1,13651.9199,37.3323,0.4152,28.2366,0.295,11,50.9,0.6997,0.7833,1.9675,0.4808,0.4159,0.1875,NA,0,0,1.7403,96.3297,1.93,3.6703,2258.1757,0.1779,549.9067,4279.2037,0.7115,927.4863,0.3853,4.2691,3.024,41.2713,3.1485,562.1765,0.4103,1.9002,1.5,97,9,54.5,45.5,31.5,11.5,88.5,37.5,288.1773,0.1779,5.302,1.1106,5390.5099,1.0673,1918.1971,75.786,34,62,126,1.0714,1.7367,8.1479,28.9538,47.2066,15.6917,14.0952,26.1905,0.0396,0.5336,4.84,1,0,2.36,3423.8,78.5015,0.5865,20.8584,0.3327,Sinuous,Single,Plane-Bed,cobble-gravel,0,0,0.724,1.956680864,PCV,pcv_planControlled_dfp,Planform_Controlled,NA,AF,poor,AFpoor
JDW00001-Upper Owens D,John Day,3637,723968,4940223,10N,44.58,-120.17,2015,176,1063.5467,735.8299,1,238.7206,15.5256,0.2017,3.7196,0.1222,15,440,1.2348,0.2313,0.5916,0.1566,0.359,0.0591,NA,0.6513,0,5.1442,85.5772,10.1602,15.9556,85.9134,1.0472,10.1684,568.5712,2.4434,50.0123,1.5543,1.3962,1.3962,0.5773,0,286.4841,0.1609,0.0699,0,100,0.5,76,24,76,8,92,8,0,0,0,1.0806,81.2347,1.7453,11.5083,63.7937,0.0526,39,88,19.4444,22.2921,2.9902,21.8933,39.9908,35.1257,48.602,49.9064,0,0,NA,1,0,-,71.6891,23.9272,0.386,2.5667,0.14,Sinuous,Single,Plane-Bed,cobble-gravel-sand,0,0,0.6919,5.235892673,PCV,pcv_planControlled_dfp,Planform_Controlled,NA,AF,poor,AFpoor
CBW05583-248063,Tucannon,2265,447509,5132854,11N,46.34,-117.68,2014,88,5899.0686,3340.7549,1,3199.4372,37.3458,0.4657,19.6805,0.3015,16,93.5,0.8166,0.4299,1.5659,0.4861,0.3357,0.1825,NA,0.4631,0.5039,3.8252,88.5215,6.6863,11.4785,970.9947,1.4108,167.2182,1397.2476,1.4108,348.0278,1.2499,14.1079,11.2863,17.9469,1.569,283.5285,0.2401,2.8045,9,85.5,0,31,69,34,40,60,51.5,0,0,0,1.0924,1186.5382,2.8216,380.3044,74.5072,34,82,182,0.675,2.4767,5.0875,40.2785,47.7889,6.8451,3.3125,4.6875,0.1293,1.2873000000000001,4.32,1,0,-,895.5504,42.6886,0.3533,11.1428,0.2364,Wandering,Transitional,Plane-Bed,cobble-gravel,0,0,0.5663,5.643171674,PCV,PC Low-Mod Sinuosity Wandering Gravel/Cobble Bed,Planform_Controlled,moderate,AF,moderate,AFmoderate
ENT00001-1F18,Entiat,1793,698169,5289815,10N,47.73,-120.35,2013,40,9994.1561,9031.0554,1,8661.5279,38.8632,0.421,33.2869,0.3239,4,117.8,0.68,0.8668,1.9907,0.6561,0.4226,0.2104,NA,13.2812,0,4.8082,86.7188,4.3737,22.4631,0,0,0,7496.281,0.6664,2642.863,0.9165,70.6433,31.9894,20.7971,0,300.0994,0.4908,3.855,27,61.5,9,40.5,59.5,37.5,52,48,93.5,0,0,0,1.0742,1534.6767,0.6664,1000.5584,75.2805,52,177,358,14.5049,17.6174,37.7287,31.3391,23.9901,6.9421,1.6667,6,0,0,NA,1,0,-,3643.4209,80.0596,0.6303,29.7497,0.3802,Sinuous,Single,Plane-Bed,boulder-cobble,0,0,0.9036,1.332891702,PCV,pcv_marginControlled_dfp,Margin_Controlled,moderate,AF,moderate,AFmoderate
dsgn4-000092,Upper Grande Ronde,2141,400379,5020191,11N,45.32,-118.27,2014,52,956.3384,537.092,1,247.1559,28.6982,0.1934,7.3371,0.1375,10,128.1,1.1527,0.2586,0.5554,0.1386,0.3348,0.0531,4e-4,0,0,4.967,86.1989,12.2051,17.172,25.1744,1.5291,1.992,377.8514,3.0581,29.7336,1.6716,17.5843,11.468,5.8992000000000004,0.1767,130.7983,0.104,0.0212,8.5,88.5,14,61.5,38.5,36.5,19,81,55.5,0,0,0,1.0686,134.0661,3.0581,14.3308,37.565,9,44,126,2.2197,4.1565,11.7001,41.2923,36.7023,8.9011,7.5556,14.7778,0,0,0,1,0,-,46.0564,52.7381,0.4069,4.0775,0.242,Straight,Single,Plane-Bed,cobble-gravel,0,0,0.5616,7.645359305,PCV,pcv_marginControlled_gravel_bed,Margin_Controlled,good,AF,moderate,AFmoderate
ASW00001-NF-F2 P2,Asotin,3949,476512,5122092,11N,46.25,-117.3,2016,56,2281.3697,1965.3431,1,1021.094,26.1148,0.3281,10.932,0.2373,17,98.3,0.5924,0.4476,1.0651,0.387,0.3149,0.1321,NA,0,0,1.8358,96.0651,2.0991,3.9349,494.8612,1.9326,110.9119,1003.7508,2.8989,183.8454,2.2089,43.0006,35.2702,7.1069,0.875,206.9737,0.2806,0.7214,2,95,3,23,77,26.5,19,81,20.5,0,0,0,1.2166,466.3513,3.3821,141.8392,57.4822,29,59,113,0.9375,3.9837,8.8628,25.7554,55.7845,9.5972,1.8,6.2694,0.3974,4.9523,7.81,1,0,-,436.5965,42.6342,0.4274,9.4736,0.2167,Sinuous,Single,Plane-Bed,cobble-gravel,0,0,0.8615,8.213603951,UCV,Wandering Gravel Bed,Wandering_Gravel,NA,AF,moderate,AFmoderate
CBW05583-055979,Entiat,3979,684197,5314016,10N,47.95,-120.53,2016,24,23490.7991,16309.3821,1.9381,21196.0395,43.5,0.3734,30.1621,0.2708,14,32.6,0.5559,0.7182,2.337,0.7097,0.2917,0.2365,NA,0.8283,0,7.63,87.6389,3.9028,12.3611,4068.2266,0.5778,1909.3992,6667.9985,0.9629,2265.8957,0.8049,155.0302,81.2705,338.9469,34.1947,519.2536,0.5979,9.2589,22.5,70,54,22,78,5.5,58,42,104.5,3392.4177,0.9629,31.3317,1.1982,2180.7391,1.1555,1072.7305,66.5639,3,85,231,13.1275,18.7967,8.2801,55.7125,20.2017,15.8057,8.1481,11.6296,0.4028,8.9455,65.69,1.9798,0,20.8,6000.625,63.2049,0.4868,24.9227,0.2972,Anabranching,Multi,Pool-Riffle,cobble-gravel,0,0,0.6943,2.696177744,PCV,Low to Moderate Sinuosity Planform-Controlled Discontinuous Floodplain,Planform_Controlled,good,AF,good,AFgood
CBW05583-170443,Tucannon,4147,443458,5142641,11N,46.43,-117.73,2016,36,7617.7396,5173.4481,2.3223,4740.4808,27.9291,0.5497,15.4828,0.4451,15,84.3,0.7516,0.572,2.5492,0.5263,0.4005,0.2404,NA,0,0,11.1956,79.435,9.3694,20.565,846.0471,1.1479,227.101,1271.1964,1.5305,273.5362,1.076,112.8736,57.3934,104.0768,10.0113,261.3542,0.3986,1.8471,17,66,0,42.5,57.5,20,51,49,107.5,1905.6544,1.9131,23.3992,1.248,1152.4954,3.061,553.466,58.9127,21,51,98,3.4186,8.7646,6.0471,21.6922,55.4822,16.7784,4.1224,8.3446,0,0,0,2.4285,0,36.82,1317.9175,38.676,0.4858,11.6115,0.3128,Anabranching,Multi,Pool-Riffle,cobble-gravel,0,0,0.6791,5.73933765,UCV,low-moderate sinuosity wandering gravel bed,Wandering_Gravel,NA,AF,good,AFgood
ENT00001-3C1,Entiat,4212,691608,5306592,10N,47.88,-120.43,2016,22,10297.2403,7755.115,1,13541.9382,34.8091,0.485,28.698,0.2418,12,31.8,1.1183,1.1177,3.3121,0.8398,0.4815,0.3881,NA,0.2834,2.9578,7.464,80.5303,8.7645,19.4697,894.6857,0.3392,310.2695,704.6262,0.3392,132.4313,0.3003,61.0608,27.8166,27.8459,9.4155,294.788,0.6453,4.306,20.5,58.5,18,19.5,80.5,14.5,50.5,49.5,97,53.1391,0.3392,2.076,1.1143,6054.5984,3.3923,3509.7508,69.5957,5,52,144,4.4,7.5768,7.576,28.4469,29.3844,34.5927,23.1111,30.2963,0.36,8.8538,27.92,1,0,0.69,3957.3916,52.2605,0.5264,22.6869,0.1448,Wandering,Transitional,Pool-Riffle,cobble-gravel,1,3.4,0.7531,4.07072201,PCV,NA,Planform_Controlled,NA,AF,good,AFgood
CBW05583-280042,Upper Grande Ronde,2021,397640,4990198,11N,45.05,-118.3,2014,20,1157.078,1024.0209,1,473.853,17.6161,0.2428,7.0149,0.1177,6,35.5,0.3144,0.4106,0.9184,0.4169,0.2799,0.1422,4e-4,7.947,0,2.8006,86.7577,2.4948,13.2423,0,0,0,649.6486,1.213,172.6875,0.6074,25.473,25.473,12.6388,0,164.8802,0.1816,0.9929,0.5,96.5,7.5,38,62,40.5,12,88,13,0,0,0,1.125,374.3722,2.426,131.1317,85.2691,36,58,94,3.5652,10.2947,2.7267,21.6656,36.2731,39.3346,27.6667,38,0.0469,0.561,0.48,1,0,-,303.8192,23.0813,0.3618,6.2093,0.1191,Sinuous,Single,Pool-Riffle,cobble-gravel,0,0,0.885,3.639005775,UCV,UCV_LowSin_Gravel_Bed,Wandering_Gravel,moderate,AF,good,AFgood
CBW05583-491690,Upper Grande Ronde,3701,437200,5002061,11N,45.16,-117.79,2016,40,8883.1268,7517.9211,1.2744,2796.8348,55.0328,0.3175,15.8036,0.1767,17,72.2,0.5096,0.3143,1.5118,0.301,0.6015,0.1657,NA,0,0,1.3433,95.8711,3.003,4.3462,1176.5874,0.591,209.419,3935.8401,1.3791,564.0432,0.7371,71.123,33.4928,116.6511,12.1684,507.5714,0.4387,0.8825,11.5,88,0.5,33.5,66.5,35,31,69,41.5,686.3543,0.394,6.5843,1.3115,1719.1392,1.3791,462.2152,73.7505,29,51,88,4.0132,5.3426,0.3391,31.9203,49.1842,18.5565,1.9259,7.7037,0.0863,1.852,6.49,1.3012,0,9.13,1431.4744,83.2991,0.4792,13.3489,0.219,Wandering,Transitional,Pool-Riffle,cobble-gravel,0,0,0.8463,3.349282485,UCV,ucv_lowSin_gravel_bed,Wandering_Gravel,moderate,AF,good,AFgood
CBW05583-095403,Wenatchee,3466,658612,5305627,10N,47.88,-120.87,2015,4,29328.3512,17423.3739,1,35827.7708,36.7737,0.2337,46.5601,0.1714,8,21.4,1.1161,1.2513,4.4138,1.1761,0.5574,0.571,1e-4,1.0467,0,13.5614,81.124,4.2679,18.876,5147.0203,0.3161,2460.389,0,0,0,0.1037,53.2675,36.3547,541.0448,137.2068,632.6557,1.541,4.7425,7,91.5,8.5,30.5,69.5,14.5,16.5,83.5,41,0,0,0,1.3392,12230.9263,0.9484,9976.0902,78.2821,13,22,37,NA,NA,0,2.3997,61.1771,36.4232,5.3333,9.7143,0.0091,0.3082,1.58,1,0,-,12436.4788,47.1491,0.4647,26.4053,0.2468,Meandering,Single,Pool-Riffle,gravel-sand,0,0,0.5941,1.264510855,UCV,ucv_meandering_gravel_bed,Wandering_Gravel,good,AF,good,AFgood
ASW00001-NF-F2 P2,Asotin,3949,476512,5122092,11N,46.25,-117.3,2016,56,2281.3697,1965.3431,1,1021.094,26.1148,0.3281,10.932,0.2373,17,98.3,0.5924,0.4476,1.0651,0.387,0.3149,0.1321,NA,0,0,1.8358,96.0651,2.0991,3.9349,494.8612,1.9326,110.9119,1003.7508,2.8989,183.8454,2.2089,43.0006,35.2702,7.1069,0.875,206.9737,0.2806,0.7214,2,95,3,23,77,26.5,19,81,20.5,0,0,0,1.2166,466.3513,3.3821,141.8392,57.4822,29,59,113,0.9375,3.9837,8.8628,25.7554,55.7845,9.5972,1.8,6.2694,0.3974,4.9523,7.81,1,0,-,436.5965,42.6342,0.4274,9.4736,0.2167,Sinuous,Single,Plane-Bed,cobble-gravel,0,0,0.8615,8.213603951,UCV,Wandering Gravel Bed,Wandering_Gravel,NA,AF,good,AFgood
CBW05583-132779,Entiat,3297,686575,5310041,10N,47.91,-120.5,2015,28,21876.3149,13365.3818,2.3282,13505.4496,30.0224,0.3211,23.7207,0.2157,34,35.9,0.8367,0.6281,2.8812,0.6412,0.3189,0.2271,1e-4,3.1148,0,4.5808,88.0736,5.0171,12.7127,1949.2607,0.651,536.0004,2984.4138,2.1158,727.2376,1.8439,94.396,28.156,204.0384,26.659,614.4328,0.3647,1.8392,22.5,63.5,34,10.5,89.5,7.5,31.5,68.5,71,812.409,0.651,27.5338,1.138,7619.2983,2.7668,3125.3322,68.8086,20,137,367,2.2206,5.211,31.6273,22.6192,19.3314,23.3871,24.0872,31.3981,0.0469,1.302,6.27,1.4154,2308.9492,23.35,4571.3644,46.4174,0.4307,17.1344,0.2486,Anabranching,Multi,Pool-Riffle,boulder-cobble-gravel-sand,0,0,0.611,5.533558755,PCV,PCV_planform-controlled discontinuous floodplain,Planform_Controlled,NA,AF,good,AFgood
CBW05583-036697,Methow,1521,710707,5395017,10N,48.67,-120.13,2013,24,21389.0674,16949.0865,1,18872.8908,38.0989,0.2856,34.7684,0.1917,9,39.8,0.7923,0.8966,1.7883,0.7002,0.3313,0.2358,NA,0,0,1.2899,98.3808,0.3293,1.6192,7468.3852,0.4922,3782.1726,8088.5505,0.6563,3386.7484,0.5307,6.7273,2.6253,16.8755,1.8893,609.4542,0.2427,5.5306,11.3,80.2,26.7,61,39,29.8,30.2,69.8,81.2,0,0,0,1.098,1387.3387,0.3282,829.0333,NA,34,86,135,0.0786,0.3056,10.8027,59.0453,25.7686,4.3834,8.9333,15.2,0.0226,0.5743,3.83,1,0,-,7998.2594,62.7133,0.4733,27.7552,0.2109,Sinuous,Single,Plane-Bed,cobble-gravel,0,0,0.7924,1.476731147,PCV,Low To Moderate Sinuosity Planform-Controlled Discontinuous Floodplain,Planform_Controlled,good,PC,poor,PCpoor
ENT00001-1BC7,Entiat,1783,705691,5282743,10N,47.66,-120.25,2013,72,9976.8155,8545.119,1,7545.8299,38.9201,0.1205,30.5931,0.0983,4,64,0.6075,0.7613,1.4221,0.5772,0.2397,0.1733,NA,0,0,0,95.929,4.071,4.071,1438.1585,0.3083,514.2715,6957.4681,0.6166,2336.1729,0.7562,1.2332,0.3083,0.7654,0,324.3568,0.0964,3.5165,12.2,78.2,1.6,34.3,65.7,18.8,36.5,63.5,73.8,0,0,0,1.0493,149.4925,0.3083,84.6913,74.8885,69,158,322,8.9958,11.264,39.7015,26.2153,21.9693,12.1139,2.3333,2.6667,0,0,NA,1,0,-,2935.1356,70.5129,0.2527,26.2468,0.1545,Straight,Single,Plane-Bed,boulder-cobble-gravel,0,0,0.8565,1.233209848,UCV,ucv_lowSin_cobble_bed,Wandering_Gravel,moderate,PC,poor,PCpoor
CBW05583-339839,Tucannon,1486,443170,5140042,11N,46.41,-117.73,2013,52,3337.7103,3001.347,1,1485.4788,23.5119,0.2475,12.0907,0.1231,4,72.8,1.1894,0.4587,1.1563,0.5078,0.3596,0.1597,NA,0,8.2234,4.2166,83.275,12.5083,24.9483,513.1805,0.3631,197.5405,2020.2333,0.7262,618.0229,0.7982,6.8991,3.268,9.5131,0.9805,275.3983,0.5847,1.9431,5,91,0,19,81,17.5,17.5,82.5,28,0,0,0,1.0539,470.6727,0.3631,213.8983,64.3393,29,65,123,4.4856,10.3566,11.6518,54.2778,25.715,8.3553,0.3333,3.3333,0,0,NA,1,0,-,1029.4616,32.7695,0.3313,10.8689,0.1364,Straight,Single,Plane-Bed,cobble-gravel,0,0,0.8992,1.452441791,PCV,pcv_lowSin_marginControlled_dfp,Margin_Controlled,poor,PC,poor,PCpoor
CBW05583-241618,South Fork Salmon,2060,590019,5013154,11N,45.26,-115.85,2014,21,7155.6221,6845.7224,1,4184.1212,30.5214,0.1302,18.3549,0.0742,1,31.7,1.4117,0.5868,1.0559,0.4604,0.1331,0.1312,1e-4,0,0,0,95,5,5,0,0,0,6830.5378,0.2572,2027.0302,1.2712,13.8869,5.6576,15.1222,0,388.8545,NA,2.5576,4,94,3.5,42,58,40.5,15.5,84.5,23,0,0,0,1.0955,0,0,0,70.5038,46,119,295,0.8214,2.2037,25,35,35,5,NA,NA,0.0288,0.45,1.97,1,0,-,2027.4167,47.6044,0.1758,17.6058,0.0827,Sinuous,Single,Plane-Bed,boulder-cobble-sand,0,0,0.9567,0.257165598,PCV,pcv_margin_controlled_cobble_bed,Margin_Controlled,moderate,PC,poor,PCpoor
dsgn4-000277,Upper Grande Ronde,2028,392552,4998648,11N,45.13,-118.36,2014,44,5750.5107,4769.2528,1,2234.2136,39.4321,0.2269,15.7277,0.1507,7,72,0.7768,0.3885,0.8426,0.2372,0.2735,0.0843,1e-4,0,0,2.9119,93.1781,3.91,6.8219,975.7853,0.8272,184.6123,3793.4674,1.1029,587.4089,1.1243,22.8847,9.0987,37.0133,17.8251,362.6885,NA,0.3656,1.5,93.5,10,57.5,42.5,37.5,22.5,77.5,49,0,0,0,1.0909,0,0,0,73.3693,8,68,186,12.3478,11.9874,7.0092,19.1116,31.0402,26.2284,8.4444,16.8889,0.0801,1.3924,3.82,1,0,-,772.0212,90.173,0.4947,13.1163,0.179,Sinuous,Single,Plane-Bed,cobble-gravel,0,0,0.8294,1.930030867,PCV,pcv_margin_controlled_dfp,Margin_Controlled,moderate,PC,poor,PCpoor
CBW05583-019570,John Day,3528,296792,4915610,11N,44.36,-119.55,2015,186,2389.0916,1966.5697,1,1399.1775,27.1255,0.3766,11.3842,0.2225,5,100,0.8795,0.5441,1.7879,0.3949,0.6824,0.2455,0,0,0,0,95,5,5,248.1693,0.4777,60.187,1108.2621,0.9555,210.6671,0.6832,0,0,0,0,209.3201,0.6945,0.4522,0,100,0.5,47,53,47.5,30,70,29.5,0,0,0,1.0621,610.1382,0.9555,294.4862,83.8076,43,79,166,6.3203,17.2209,3.2926,36.7186,25.3795,34.6093,68.8889,72.8889,0,0,0,1,0,-,565.3403,44.8765,0.5288,9.1707,0.2558,Sinuous,Single,Plane-Bed,cobble-gravel-sand,0,0,0.8231,2.388686036,PCV,pcv_margin_controlled_dfp,Margin_Controlled,good,PC,poor,PCpoor
CBW05583-207602,John Day,665,379777,4938976,11N,44.59,-118.51,2012,65,950.645,816.3564,1,279.8062,18.6949,0.3858,5.8588,0.1558,7,49,0.7953,0.3049,0.6624,0.3117,0.3102,0.1074,3e-4,1.6382,0.2456,0.768,92.0284,5.3198,7.9716,656.9292,1.8504,138.8028,75.13,0.6168,12.1717,0.7228,0,0,0,0,162.1314,0.0416,0.3115,0,99,2.5,33.1,66.9,35.6,10.7,89.3,9.2,0,0,0,1.0104,84.2972,1.8504,22.5782,97.9526,0.714,28,123,7.7615,12.1314,12.1102,41.47,33.4893,12.9304,0.4444,14.2222,0,0,NA,1,0,-,173.5527,22.018,0.5036,5.0262,0.1489,Straight,Single,Plane-Bed,cobble-gravel,0,0,0.8587,4.317485694,PCV,pcv_marginControlled_dfp,Margin_Controlled,poor,PC,poor,PCpoor
CBW05583-420019,Tucannon,1494,417942,5150613,11N,46.5,-118.06,2013,64,4225.7699,3846.563,1,2258.5818,21.5507,0.2316,13.4685,0.1069,10,125.7,0.5384,0.5484,1.772,0.4929,0.4816,0.2023,NA,0,0,1.2848,91.6653,7.0498,8.3347,964.3223,0.9572,296.0737,1613.1134,1.2763,417.2184,0.3662,4.1479,2.2335,1.4798,0,313.4119,0.6416,1.8032,0,89.5,0,74,26,73.5,28,72,39,0,0,0,1.0201,1269.1516,0.9572,606.1192,85.3304,3,47,82,22.0517,21.9704,0.6718,7.996,75.9764,14.3102,14.5556,20,0.0819,1.037,3.15,1,0,-,1319.4116,38.7876,0.3374,12.2687,0.1136,Straight,Single,Plane-Bed,gravel,0,0,0.9103,3.190689313,PCV,pcv_marginControlled_dfp,Margin_Controlled,poor,PC,poor,PCpoor
MNM00001-000393,Minam,2898,446727,5029642,11N,45.41,-117.68,2015,36,19213.458,15008.7929,1,18779.8013,29.6765,0.106,30.1293,0.0882,8,51.5,1.2562,0.9829,1.5885,0.4838,0.168,0.1462,1e-4,0,0,0,100,0,0,2810.651,0.6251,1058.8003,12199.2815,0.6251,3795.6302,0.955,6.4074,0.7814,18.0098,2.3702,639.8841,NA,2.1811,7.5,86,23,47,53,21,24,76,64,0,0,0,1.054,0,0,0,57.6992,9,82,319,16.7333,19.2908,15.1605,34.4767,28.4913,21.8715,1.5,8.8333,0,0,0,1,0,-,4854.4309,67.6486,0.2421,23.4452,0.1211,Sinuous,Single,Plane-Bed,cobble-gravel-sand,0,0,0.7812,1.250226408,PCV,pcv_marginControlled_dfp,Margin_Controlled,NA,PC,poor,PCpoor
LEM00002-000004,Lemhi,294,285056,4998214,12N,45.11,-113.74,2011,196,9359.2351,8763.388,1,5053.0733,40.8991,0.292,21.0676,0.2116,5,440,0.3032,0.5365,1.2003,0.5112,0.2834,0.1465,NA,NA,0,5.42,84.58,5,15.42,4573.7821,0.4515,1661.4896,3450.8575,0.4515,920.9337,0.6074,11.5139,7.4502,12.1871,3.4474,442.9437,0.4825,5.872,10.6,81.4,0,92,8,81.7,25,75,53.9,0,0,0,1.0504,735.8286,0.2258,292.4771,72.2982,20,78,150,NA,NA,1.6166,40.7419,59.2581,0,0,0,0,0,NA,1,0,-,2874.9,74.5957,0.4545,19.7638,0.2169,Straight,Single,Plane-Bed,cobble-gravel,0,0,0.9363,1.12881163,PCV,pcv_marginControlled_gravel_Bed,Margin_Controlled,moderate,PC,poor,PCpoor
dsgn4-000092,Upper Grande Ronde,2141,400379,5020191,11N,45.32,-118.27,2014,52,956.3384,537.092,1,247.1559,28.6982,0.1934,7.3371,0.1375,10,128.1,1.1527,0.2586,0.5554,0.1386,0.3348,0.0531,4e-4,0,0,4.967,86.1989,12.2051,17.172,25.1744,1.5291,1.992,377.8514,3.0581,29.7336,1.6716,17.5843,11.468,5.8992000000000004,0.1767,130.7983,0.104,0.0212,8.5,88.5,14,61.5,38.5,36.5,19,81,55.5,0,0,0,1.0686,134.0661,3.0581,14.3308,37.565,9,44,126,2.2197,4.1565,11.7001,41.2923,36.7023,8.9011,7.5556,14.7778,0,0,0,1,0,-,46.0564,52.7381,0.4069,4.0775,0.242,Straight,Single,Plane-Bed,cobble-gravel,0,0,0.5616,7.645359305,PCV,pcv_marginControlled_gravel_bed,Margin_Controlled,good,PC,poor,PCpoor
JDW00001-Upper Owens D,John Day,3637,723968,4940223,10N,44.58,-120.17,2015,176,1063.5467,735.8299,1,238.7206,15.5256,0.2017,3.7196,0.1222,15,440,1.2348,0.2313,0.5916,0.1566,0.359,0.0591,NA,0.6513,0,5.1442,85.5772,10.1602,15.9556,85.9134,1.0472,10.1684,568.5712,2.4434,50.0123,1.5543,1.3962,1.3962,0.5773,0,286.4841,0.1609,0.0699,0,100,0.5,76,24,76,8,92,8,0,0,0,1.0806,81.2347,1.7453,11.5083,63.7937,0.0526,39,88,19.4444,22.2921,2.9902,21.8933,39.9908,35.1257,48.602,49.9064,0,0,NA,1,0,-,71.6891,23.9272,0.386,2.5667,0.14,Sinuous,Single,Plane-Bed,cobble-gravel-sand,0,0,0.6919,5.235892673,PCV,pcv_planControlled_dfp,Planform_Controlled,NA,PC,poor,PCpoor
LWIN0001-000041,Wenatchee,3275,660959,5299552,10N,47.82,-120.84,2015,28,28279.1938,15261.7665,1,37392.7489,30.2929,0.3942,33.6958,0.2079,12,72,1.1558,1.3223,4.7376,1.058,0.6315,0.5619,1e-4,5.3483,0,7.2471,83.0566,4.348,16.9434,147.3625,0.1463,21.9688,430.6589,0.1463,47.2919,0.153,23.8504,14.4858,122.0934,1.7226,683.4258,1.5809,0.8064,8,80.5,6,16.5,83.5,8,62.5,37.5,90.5,0,0,0,1.4957,12052.7089,1.4632,8309.5165,78.7158,10,24,41,NA,NA,2.9965,8.8767,60.2556,27.8712,4.4666,7.533,0.1519,1.8437,23.19,1,0,-,8378.7744,40.627,1.0149,17.2709,0.3778,Meandering,Single,Pool-Riffle,gravel-sand,0,0,0.5397,1.755859963,UCV,Moderate to High Sinuosity Gravel-Sand Bed,Wandering_Gravel,NA,PC,moderate,PCmoderate
WENMASTER-000195,Wenatchee,2563,669782,5308280,10N,47.9,-120.72,2014,36,1099.3782,653.2615,1,537.6968,19.5359,0.207,9.4898,0.1619,7,57.6,0.565,0.4887,1.2514,0.30620000000000003,0.5031,0.1354,2e-4,0,0,7.6697,81.2984,11.0319,18.7016,59.6897,0.84,8.5957,304.7554,2.5199,33.7133,0.9462,12.5997,11.7597,1.8534,0,119.0507,0.4127,0.1455,1.5,97,4.5,24.5,75.5,6.5,43.5,56.5,64.5,0,0,0,1.4866,288.8164,2.5199,79.0208,59.7017,8,40,91,6.2426,12.8636,0,26.9141,64.7882,8.2976,8,11.8333,1.142,8.3998,7.46,1,0,-,121.3298,32.2551,0.5917,5.4907,0.2911,Meandering,Single,Pool-Riffle,gravel-sand,0,0,0.5942,5.87984783,UCV,ucv_alluvial_fan,AlluvialFan,good,PC,moderate,PCmoderate
ENT00001-3C1,Entiat,4212,691608,5306592,10N,47.88,-120.43,2016,22,10297.2403,7755.115,1,13541.9382,34.8091,0.485,28.698,0.2418,12,31.8,1.1183,1.1177,3.3121,0.8398,0.4815,0.3881,NA,0.2834,2.9578,7.464,80.5303,8.7645,19.4697,894.6857,0.3392,310.2695,704.6262,0.3392,132.4313,0.3003,61.0608,27.8166,27.8459,9.4155,294.788,0.6453,4.306,20.5,58.5,18,19.5,80.5,14.5,50.5,49.5,97,53.1391,0.3392,2.076,1.1143,6054.5984,3.3923,3509.7508,69.5957,5,52,144,4.4,7.5768,7.576,28.4469,29.3844,34.5927,23.1111,30.2963,0.36,8.8538,27.92,1,0,0.69,3957.3916,52.2605,0.5264,22.6869,0.1448,Wandering,Transitional,Pool-Riffle,cobble-gravel,1,3.4,0.7531,4.07072201,PCV,NA,Planform_Controlled,NA,PC,moderate,PCmoderate
CBW05583-280042,Upper Grande Ronde,2021,397640,4990198,11N,45.05,-118.3,2014,20,1157.078,1024.0209,1,473.853,17.6161,0.2428,7.0149,0.1177,6,35.5,0.3144,0.4106,0.9184,0.4169,0.2799,0.1422,4e-4,7.947,0,2.8006,86.7577,2.4948,13.2423,0,0,0,649.6486,1.213,172.6875,0.6074,25.473,25.473,12.6388,0,164.8802,0.1816,0.9929,0.5,96.5,7.5,38,62,40.5,12,88,13,0,0,0,1.125,374.3722,2.426,131.1317,85.2691,36,58,94,3.5652,10.2947,2.7267,21.6656,36.2731,39.3346,27.6667,38,0.0469,0.561,0.48,1,0,-,303.8192,23.0813,0.3618,6.2093,0.1191,Sinuous,Single,Pool-Riffle,cobble-gravel,0,0,0.885,3.639005775,UCV,UCV_LowSin_Gravel_Bed,Wandering_Gravel,moderate,PC,moderate,PCmoderate
CBW05583-491690,Upper Grande Ronde,3701,437200,5002061,11N,45.16,-117.79,2016,40,8883.1268,7517.9211,1.2744,2796.8348,55.0328,0.3175,15.8036,0.1767,17,72.2,0.5096,0.3143,1.5118,0.301,0.6015,0.1657,NA,0,0,1.3433,95.8711,3.003,4.3462,1176.5874,0.591,209.419,3935.8401,1.3791,564.0432,0.7371,71.123,33.4928,116.6511,12.1684,507.5714,0.4387,0.8825,11.5,88,0.5,33.5,66.5,35,31,69,41.5,686.3543,0.394,6.5843,1.3115,1719.1392,1.3791,462.2152,73.7505,29,51,88,4.0132,5.3426,0.3391,31.9203,49.1842,18.5565,1.9259,7.7037,0.0863,1.852,6.49,1.3012,0,9.13,1431.4744,83.2991,0.4792,13.3489,0.219,Wandering,Transitional,Pool-Riffle,cobble-gravel,0,0,0.8463,3.349282485,UCV,ucv_lowSin_gravel_bed,Wandering_Gravel,moderate,PC,moderate,PCmoderate
CBW05583-452047,Lemhi,1448,311229,4952540,12N,44.7,-113.38,2013,NA,4232.8847,2884.0251,1.1111,1647.7031,36.1008,0.3835,14.0323,0.2758,17,357,0.3818,0.3563,1.5538,0.5025,0.3852,0.1848,NA,6.952,0.1187,2.5531,85.4051,7.6445,17.2683,799.4734,1.0969,186.9767,789.7165,1.0969,160.6112,0.3603,23.4009,16.0881,2.9852,0.0611,273.4934,0.3406,0.9861,0,100,0,62,38,44,32.7,67.3,50.7,0,0,0,1.3885,1294.9276,4.022,455.6362,94.8925,7,19,47,2.375,4.8163,0.9058,23.1907,59.3984,16.5051,9.2381,17.0952,0.0589,1.0969,1.7,1.1132,68.4778,2.37,803.224,44.7414,0.6048,10.1855,0.2626,Wandering,Transitional,Pool-Riffle,gravel-sand,0,0,0.6813,6.21587212,UCV,UCV_Meandering_Fine_Grained,Wandering_Gravel,moderate,PC,moderate,PCmoderate
CBW05583-095403,Wenatchee,3466,658612,5305627,10N,47.88,-120.87,2015,4,29328.3512,17423.3739,1,35827.7708,36.7737,0.2337,46.5601,0.1714,8,21.4,1.1161,1.2513,4.4138,1.1761,0.5574,0.571,1e-4,1.0467,0,13.5614,81.124,4.2679,18.876,5147.0203,0.3161,2460.389,0,0,0,0.1037,53.2675,36.3547,541.0448,137.2068,632.6557,1.541,4.7425,7,91.5,8.5,30.5,69.5,14.5,16.5,83.5,41,0,0,0,1.3392,12230.9263,0.9484,9976.0902,78.2821,13,22,37,NA,NA,0,2.3997,61.1771,36.4232,5.3333,9.7143,0.0091,0.3082,1.58,1,0,-,12436.4788,47.1491,0.4647,26.4053,0.2468,Meandering,Single,Pool-Riffle,gravel-sand,0,0,0.5941,1.264510855,UCV,ucv_meandering_gravel_bed,Wandering_Gravel,good,PC,moderate,PCmoderate
YFI00001-001078,Yankee Fork,3146,689782,4922221,11N,44.42,-114.61,2015,24,2992.0414,2375.9473,1,1446.8802,22.9906,0.2827,10.0827,0.2141,14,22,0.6358,0.4379,1.4477,0.3607,0.2772,0.1166,5e-4,1.4482,0,4.9761,94.4885,2.6073,9.0316,762.3912,1.3656,191.9891,1220.9291,1.7069,233.516,0.9717,21.1661,12.29,18.3771,5.229,292.9211,0.3755,0.8982,0,97,6,7,93,4,5.5,94.5,11.5,0,0,0,1.4192,392.612,1.7069,129.4123,62.4874,12,47,97,6.8571,12.192,3.9705,42.9905,45.7737,0.7601,4.087,6.2828,1.5324,13.0752,36.41,1,0,-,554.9173,34.6883,0.445,8.0832,0.2663,Sinuous,Single,Pool-Riffle,cobble-gravel,0,0,0.7941,4.779444021,UCV,ucv_wandering_gravel_bed,Wandering_Gravel,good,PC,moderate,PCmoderate
ASW00001-NF-F2 P2,Asotin,3949,476512,5122092,11N,46.25,-117.3,2016,56,2281.3697,1965.3431,1,1021.094,26.1148,0.3281,10.932,0.2373,17,98.3,0.5924,0.4476,1.0651,0.387,0.3149,0.1321,NA,0,0,1.8358,96.0651,2.0991,3.9349,494.8612,1.9326,110.9119,1003.7508,2.8989,183.8454,2.2089,43.0006,35.2702,7.1069,0.875,206.9737,0.2806,0.7214,2,95,3,23,77,26.5,19,81,20.5,0,0,0,1.2166,466.3513,3.3821,141.8392,57.4822,29,59,113,0.9375,3.9837,8.8628,25.7554,55.7845,9.5972,1.8,6.2694,0.3974,4.9523,7.81,1,0,-,436.5965,42.6342,0.4274,9.4736,0.2167,Sinuous,Single,Plane-Bed,cobble-gravel,0,0,0.8615,8.213603951,UCV,Wandering Gravel Bed,Wandering_Gravel,NA,PC,moderate,PCmoderate
CBW05583-055979,Entiat,3979,684197,5314016,10N,47.95,-120.53,2016,24,23490.7991,16309.3821,1.9381,21196.0395,43.5,0.3734,30.1621,0.2708,14,32.6,0.5559,0.7182,2.337,0.7097,0.2917,0.2365,NA,0.8283,0,7.63,87.6389,3.9028,12.3611,4068.2266,0.5778,1909.3992,6667.9985,0.9629,2265.8957,0.8049,155.0302,81.2705,338.9469,34.1947,519.2536,0.5979,9.2589,22.5,70,54,22,78,5.5,58,42,104.5,3392.4177,0.9629,31.3317,1.1982,2180.7391,1.1555,1072.7305,66.5639,3,85,231,13.1275,18.7967,8.2801,55.7125,20.2017,15.8057,8.1481,11.6296,0.4028,8.9455,65.69,1.9798,0,20.8,6000.625,63.2049,0.4868,24.9227,0.2972,Anabranching,Multi,Pool-Riffle,cobble-gravel,0,0,0.6943,2.696177744,PCV,Low to Moderate Sinuosity Planform-Controlled Discontinuous Floodplain,Planform_Controlled,good,PC,good,PCgood
CBW05583-170443,Tucannon,4147,443458,5142641,11N,46.43,-117.73,2016,36,7617.7396,5173.4481,2.3223,4740.4808,27.9291,0.5497,15.4828,0.4451,15,84.3,0.7516,0.572,2.5492,0.5263,0.4005,0.2404,NA,0,0,11.1956,79.435,9.3694,20.565,846.0471,1.1479,227.101,1271.1964,1.5305,273.5362,1.076,112.8736,57.3934,104.0768,10.0113,261.3542,0.3986,1.8471,17,66,0,42.5,57.5,20,51,49,107.5,1905.6544,1.9131,23.3992,1.248,1152.4954,3.061,553.466,58.9127,21,51,98,3.4186,8.7646,6.0471,21.6922,55.4822,16.7784,4.1224,8.3446,0,0,0,2.4285,0,36.82,1317.9175,38.676,0.4858,11.6115,0.3128,Anabranching,Multi,Pool-Riffle,cobble-gravel,0,0,0.6791,5.73933765,UCV,low-moderate sinuosity wandering gravel bed,Wandering_Gravel,NA,PC,good,PCgood
ENT00001-3C1,Entiat,4212,691608,5306592,10N,47.88,-120.43,2016,22,10297.2403,7755.115,1,13541.9382,34.8091,0.485,28.698,0.2418,12,31.8,1.1183,1.1177,3.3121,0.8398,0.4815,0.3881,NA,0.2834,2.9578,7.464,80.5303,8.7645,19.4697,894.6857,0.3392,310.2695,704.6262,0.3392,132.4313,0.3003,61.0608,27.8166,27.8459,9.4155,294.788,0.6453,4.306,20.5,58.5,18,19.5,80.5,14.5,50.5,49.5,97,53.1391,0.3392,2.076,1.1143,6054.5984,3.3923,3509.7508,69.5957,5,52,144,4.4,7.5768,7.576,28.4469,29.3844,34.5927,23.1111,30.2963,0.36,8.8538,27.92,1,0,0.69,3957.3916,52.2605,0.5264,22.6869,0.1448,Wandering,Transitional,Pool-Riffle,cobble-gravel,1,3.4,0.7531,4.07072201,PCV,NA,Planform_Controlled,NA,PC,good,PCgood
CBW05583-280042,Upper Grande Ronde,2021,397640,4990198,11N,45.05,-118.3,2014,20,1157.078,1024.0209,1,473.853,17.6161,0.2428,7.0149,0.1177,6,35.5,0.3144,0.4106,0.9184,0.4169,0.2799,0.1422,4e-4,7.947,0,2.8006,86.7577,2.4948,13.2423,0,0,0,649.6486,1.213,172.6875,0.6074,25.473,25.473,12.6388,0,164.8802,0.1816,0.9929,0.5,96.5,7.5,38,62,40.5,12,88,13,0,0,0,1.125,374.3722,2.426,131.1317,85.2691,36,58,94,3.5652,10.2947,2.7267,21.6656,36.2731,39.3346,27.6667,38,0.0469,0.561,0.48,1,0,-,303.8192,23.0813,0.3618,6.2093,0.1191,Sinuous,Single,Pool-Riffle,cobble-gravel,0,0,0.885,3.639005775,UCV,UCV_LowSin_Gravel_Bed,Wandering_Gravel,moderate,PC,good,PCgood
CBW05583-491690,Upper Grande Ronde,3701,437200,5002061,11N,45.16,-117.79,2016,40,8883.1268,7517.9211,1.2744,2796.8348,55.0328,0.3175,15.8036,0.1767,17,72.2,0.5096,0.3143,1.5118,0.301,0.6015,0.1657,NA,0,0,1.3433,95.8711,3.003,4.3462,1176.5874,0.591,209.419,3935.8401,1.3791,564.0432,0.7371,71.123,33.4928,116.6511,12.1684,507.5714,0.4387,0.8825,11.5,88,0.5,33.5,66.5,35,31,69,41.5,686.3543,0.394,6.5843,1.3115,1719.1392,1.3791,462.2152,73.7505,29,51,88,4.0132,5.3426,0.3391,31.9203,49.1842,18.5565,1.9259,7.7037,0.0863,1.852,6.49,1.3012,0,9.13,1431.4744,83.2991,0.4792,13.3489,0.219,Wandering,Transitional,Pool-Riffle,cobble-gravel,0,0,0.8463,3.349282485,UCV,ucv_lowSin_gravel_bed,Wandering_Gravel,moderate,PC,good,PCgood
CBW05583-095403,Wenatchee,3466,658612,5305627,10N,47.88,-120.87,2015,4,29328.3512,17423.3739,1,35827.7708,36.7737,0.2337,46.5601,0.1714,8,21.4,1.1161,1.2513,4.4138,1.1761,0.5574,0.571,1e-4,1.0467,0,13.5614,81.124,4.2679,18.876,5147.0203,0.3161,2460.389,0,0,0,0.1037,53.2675,36.3547,541.0448,137.2068,632.6557,1.541,4.7425,7,91.5,8.5,30.5,69.5,14.5,16.5,83.5,41,0,0,0,1.3392,12230.9263,0.9484,9976.0902,78.2821,13,22,37,NA,NA,0,2.3997,61.1771,36.4232,5.3333,9.7143,0.0091,0.3082,1.58,1,0,-,12436.4788,47.1491,0.4647,26.4053,0.2468,Meandering,Single,Pool-Riffle,gravel-sand,0,0,0.5941,1.264510855,UCV,ucv_meandering_gravel_bed,Wandering_Gravel,good,PC,good,PCgood
CBW05583-132779,Entiat,3297,686575,5310041,10N,47.91,-120.5,2015,28,21876.3149,13365.3818,2.3282,13505.4496,30.0224,0.3211,23.7207,0.2157,34,35.9,0.8367,0.6281,2.8812,0.6412,0.3189,0.2271,1e-4,3.1148,0,4.5808,88.0736,5.0171,12.7127,1949.2607,0.651,536.0004,2984.4138,2.1158,727.2376,1.8439,94.396,28.156,204.0384,26.659,614.4328,0.3647,1.8392,22.5,63.5,34,10.5,89.5,7.5,31.5,68.5,71,812.409,0.651,27.5338,1.138,7619.2983,2.7668,3125.3322,68.8086,20,137,367,2.2206,5.211,31.6273,22.6192,19.3314,23.3871,24.0872,31.3981,0.0469,1.302,6.27,1.4154,2308.9492,23.35,4571.3644,46.4174,0.4307,17.1344,0.2486,Anabranching,Multi,Pool-Riffle,boulder-cobble-gravel-sand,0,0,0.611,5.533558755,PCV,PCV_planform-controlled discontinuous floodplain,Planform_Controlled,NA,PC,good,PCgood
CBW05583-036697,Methow,1521,710707,5395017,10N,48.67,-120.13,2013,24,21389.0674,16949.0865,1,18872.8908,38.0989,0.2856,34.7684,0.1917,9,39.8,0.7923,0.8966,1.7883,0.7002,0.3313,0.2358,NA,0,0,1.2899,98.3808,0.3293,1.6192,7468.3852,0.4922,3782.1726,8088.5505,0.6563,3386.7484,0.5307,6.7273,2.6253,16.8755,1.8893,609.4542,0.2427,5.5306,11.3,80.2,26.7,61,39,29.8,30.2,69.8,81.2,0,0,0,1.098,1387.3387,0.3282,829.0333,NA,34,86,135,0.0786,0.3056,10.8027,59.0453,25.7686,4.3834,8.9333,15.2,0.0226,0.5743,3.83,1,0,-,7998.2594,62.7133,0.4733,27.7552,0.2109,Sinuous,Single,Plane-Bed,cobble-gravel,0,0,0.7924,1.476731147,PCV,Low To Moderate Sinuosity Planform-Controlled Discontinuous Floodplain,Planform_Controlled,good,WA,poor,WApoor
ENT00001-1BC7,Entiat,1783,705691,5282743,10N,47.66,-120.25,2013,72,9976.8155,8545.119,1,7545.8299,38.9201,0.1205,30.5931,0.0983,4,64,0.6075,0.7613,1.4221,0.5772,0.2397,0.1733,NA,0,0,0,95.929,4.071,4.071,1438.1585,0.3083,514.2715,6957.4681,0.6166,2336.1729,0.7562,1.2332,0.3083,0.7654,0,324.3568,0.0964,3.5165,12.2,78.2,1.6,34.3,65.7,18.8,36.5,63.5,73.8,0,0,0,1.0493,149.4925,0.3083,84.6913,74.8885,69,158,322,8.9958,11.264,39.7015,26.2153,21.9693,12.1139,2.3333,2.6667,0,0,NA,1,0,-,2935.1356,70.5129,0.2527,26.2468,0.1545,Straight,Single,Plane-Bed,boulder-cobble-gravel,0,0,0.8565,1.233209848,UCV,ucv_lowSin_cobble_bed,Wandering_Gravel,moderate,WA,poor,WApoor
CBW05583-385561,Methow,1096,690538,5385609,10N,48.59,-120.41,2012,80,18499.5561,12044.2553,1,10460.4244,74.2542,0.3872,35.7983,0.2466,6,83.5,1.153,0.5442,1.712,0.4194,0.5465,0.18,1e-4,2.2205,0,2.4449,94.206,1.1285,5.794,1791.9934,0.1914,427.3011,6683.2506,0.3828,999.0466,0.5937,2.8708,0.3828,5.2367,0.0407,522.5056,0.5315,1.5259,9.4,90.4,10.8,38.6,61.4,25.4,23.1,76.9,45.9,0,0,0,1.1846,3569.0113,0.5742,1370.2447,NA,15,67,175,0.0479,0.2939,3.6611,34.539,57.006,4.7939,0.3333,1,0.0179,0.7655,2.15,1,0,-,2796.5928,107.0454,0.7036,22.849,0.3273,Sinuous,Single,Plane-Bed,cobble-gravel,0,0,0.6511,1.148313052,UCV,ucv_lowSin_wandering_cobble_bed,Wandering_Gravel,moderate,WA,poor,WApoor
CBW05583-339839,Tucannon,1486,443170,5140042,11N,46.41,-117.73,2013,52,3337.7103,3001.347,1,1485.4788,23.5119,0.2475,12.0907,0.1231,4,72.8,1.1894,0.4587,1.1563,0.5078,0.3596,0.1597,NA,0,8.2234,4.2166,83.275,12.5083,24.9483,513.1805,0.3631,197.5405,2020.2333,0.7262,618.0229,0.7982,6.8991,3.268,9.5131,0.9805,275.3983,0.5847,1.9431,5,91,0,19,81,17.5,17.5,82.5,28,0,0,0,1.0539,470.6727,0.3631,213.8983,64.3393,29,65,123,4.4856,10.3566,11.6518,54.2778,25.715,8.3553,0.3333,3.3333,0,0,NA,1,0,-,1029.4616,32.7695,0.3313,10.8689,0.1364,Straight,Single,Plane-Bed,cobble-gravel,0,0,0.8992,1.452441791,PCV,pcv_lowSin_marginControlled_dfp,Margin_Controlled,poor,WA,poor,WApoor
CBW05583-315823,Lemhi,1587,288254,4966813,12N,44.82,-113.67,2013,40,3411.5403,2729.5436,1,1291.1411,31.173,0.322,14.1136,0.2142,5,71.5,1.205,0.4036,1.0428,0.3431,0.2183,0.1101,NA,4.8045,0,4.6422,84.1984,6.355,15.8016,302.1801,0.4117,68.0909,2321.4813,1.2352,475.3147,1.9432,17.7049,6.5879,13.1547,0,242.871,0.2952,0.7572,14.5,77.5,0,52.5,47.5,32.5,44,56,86.5,0,0,0,1.1076,106.7812,0.4117,33.8601,75.8881,49,113,283,1.1227,1.4859,17.3855,36.8656,38.645,7.1039,0.6667,1.6667,0.1502,2.2646,4.1,1,0,-,577.2608,47.0107,0.303,11.243,0.1753,Sinuous,Single,Plane-Bed,boulder-cobble-gravel,0,0,0.8001,2.058706062,PCV,PCV_LowSin_PlanControlled_DFP,Planform_Controlled,poor,WA,poor,WApoor
CBW05583-241618,South Fork Salmon,2060,590019,5013154,11N,45.26,-115.85,2014,21,7155.6221,6845.7224,1,4184.1212,30.5214,0.1302,18.3549,0.0742,1,31.7,1.4117,0.5868,1.0559,0.4604,0.1331,0.1312,1e-4,0,0,0,95,5,5,0,0,0,6830.5378,0.2572,2027.0302,1.2712,13.8869,5.6576,15.1222,0,388.8545,NA,2.5576,4,94,3.5,42,58,40.5,15.5,84.5,23,0,0,0,1.0955,0,0,0,70.5038,46,119,295,0.8214,2.2037,25,35,35,5,NA,NA,0.0288,0.45,1.97,1,0,-,2027.4167,47.6044,0.1758,17.6058,0.0827,Sinuous,Single,Plane-Bed,boulder-cobble-sand,0,0,0.9567,0.257165598,PCV,pcv_margin_controlled_cobble_bed,Margin_Controlled,moderate,WA,poor,WApoor
dsgn4-000277,Upper Grande Ronde,2028,392552,4998648,11N,45.13,-118.36,2014,44,5750.5107,4769.2528,1,2234.2136,39.4321,0.2269,15.7277,0.1507,7,72,0.7768,0.3885,0.8426,0.2372,0.2735,0.0843,1e-4,0,0,2.9119,93.1781,3.91,6.8219,975.7853,0.8272,184.6123,3793.4674,1.1029,587.4089,1.1243,22.8847,9.0987,37.0133,17.8251,362.6885,NA,0.3656,1.5,93.5,10,57.5,42.5,37.5,22.5,77.5,49,0,0,0,1.0909,0,0,0,73.3693,8,68,186,12.3478,11.9874,7.0092,19.1116,31.0402,26.2284,8.4444,16.8889,0.0801,1.3924,3.82,1,0,-,772.0212,90.173,0.4947,13.1163,0.179,Sinuous,Single,Plane-Bed,cobble-gravel,0,0,0.8294,1.930030867,PCV,pcv_margin_controlled_dfp,Margin_Controlled,moderate,WA,poor,WApoor
CBW05583-019570,John Day,3528,296792,4915610,11N,44.36,-119.55,2015,186,2389.0916,1966.5697,1,1399.1775,27.1255,0.3766,11.3842,0.2225,5,100,0.8795,0.5441,1.7879,0.3949,0.6824,0.2455,0,0,0,0,95,5,5,248.1693,0.4777,60.187,1108.2621,0.9555,210.6671,0.6832,0,0,0,0,209.3201,0.6945,0.4522,0,100,0.5,47,53,47.5,30,70,29.5,0,0,0,1.0621,610.1382,0.9555,294.4862,83.8076,43,79,166,6.3203,17.2209,3.2926,36.7186,25.3795,34.6093,68.8889,72.8889,0,0,0,1,0,-,565.3403,44.8765,0.5288,9.1707,0.2558,Sinuous,Single,Plane-Bed,cobble-gravel-sand,0,0,0.8231,2.388686036,PCV,pcv_margin_controlled_dfp,Margin_Controlled,good,WA,poor,WApoor
CBW05583-207602,John Day,665,379777,4938976,11N,44.59,-118.51,2012,65,950.645,816.3564,1,279.8062,18.6949,0.3858,5.8588,0.1558,7,49,0.7953,0.3049,0.6624,0.3117,0.3102,0.1074,3e-4,1.6382,0.2456,0.768,92.0284,5.3198,7.9716,656.9292,1.8504,138.8028,75.13,0.6168,12.1717,0.7228,0,0,0,0,162.1314,0.0416,0.3115,0,99,2.5,33.1,66.9,35.6,10.7,89.3,9.2,0,0,0,1.0104,84.2972,1.8504,22.5782,97.9526,0.714,28,123,7.7615,12.1314,12.1102,41.47,33.4893,12.9304,0.4444,14.2222,0,0,NA,1,0,-,173.5527,22.018,0.5036,5.0262,0.1489,Straight,Single,Plane-Bed,cobble-gravel,0,0,0.8587,4.317485694,PCV,pcv_marginControlled_dfp,Margin_Controlled,poor,WA,poor,WApoor
CBW05583-420019,Tucannon,1494,417942,5150613,11N,46.5,-118.06,2013,64,4225.7699,3846.563,1,2258.5818,21.5507,0.2316,13.4685,0.1069,10,125.7,0.5384,0.5484,1.772,0.4929,0.4816,0.2023,NA,0,0,1.2848,91.6653,7.0498,8.3347,964.3223,0.9572,296.0737,1613.1134,1.2763,417.2184,0.3662,4.1479,2.2335,1.4798,0,313.4119,0.6416,1.8032,0,89.5,0,74,26,73.5,28,72,39,0,0,0,1.0201,1269.1516,0.9572,606.1192,85.3304,3,47,82,22.0517,21.9704,0.6718,7.996,75.9764,14.3102,14.5556,20,0.0819,1.037,3.15,1,0,-,1319.4116,38.7876,0.3374,12.2687,0.1136,Straight,Single,Plane-Bed,gravel,0,0,0.9103,3.190689313,PCV,pcv_marginControlled_dfp,Margin_Controlled,poor,WA,poor,WApoor
MNM00001-000393,Minam,2898,446727,5029642,11N,45.41,-117.68,2015,36,19213.458,15008.7929,1,18779.8013,29.6765,0.106,30.1293,0.0882,8,51.5,1.2562,0.9829,1.5885,0.4838,0.168,0.1462,1e-4,0,0,0,100,0,0,2810.651,0.6251,1058.8003,12199.2815,0.6251,3795.6302,0.955,6.4074,0.7814,18.0098,2.3702,639.8841,NA,2.1811,7.5,86,23,47,53,21,24,76,64,0,0,0,1.054,0,0,0,57.6992,9,82,319,16.7333,19.2908,15.1605,34.4767,28.4913,21.8715,1.5,8.8333,0,0,0,1,0,-,4854.4309,67.6486,0.2421,23.4452,0.1211,Sinuous,Single,Plane-Bed,cobble-gravel-sand,0,0,0.7812,1.250226408,PCV,pcv_marginControlled_dfp,Margin_Controlled,NA,WA,poor,WApoor
LEM00002-000004,Lemhi,294,285056,4998214,12N,45.11,-113.74,2011,196,9359.2351,8763.388,1,5053.0733,40.8991,0.292,21.0676,0.2116,5,440,0.3032,0.5365,1.2003,0.5112,0.2834,0.1465,NA,NA,0,5.42,84.58,5,15.42,4573.7821,0.4515,1661.4896,3450.8575,0.4515,920.9337,0.6074,11.5139,7.4502,12.1871,3.4474,442.9437,0.4825,5.872,10.6,81.4,0,92,8,81.7,25,75,53.9,0,0,0,1.0504,735.8286,0.2258,292.4771,72.2982,20,78,150,NA,NA,1.6166,40.7419,59.2581,0,0,0,0,0,NA,1,0,-,2874.9,74.5957,0.4545,19.7638,0.2169,Straight,Single,Plane-Bed,cobble-gravel,0,0,0.9363,1.12881163,PCV,pcv_marginControlled_gravel_Bed,Margin_Controlled,moderate,WA,poor,WApoor
dsgn4-000092,Upper Grande Ronde,2141,400379,5020191,11N,45.32,-118.27,2014,52,956.3384,537.092,1,247.1559,28.6982,0.1934,7.3371,0.1375,10,128.1,1.1527,0.2586,0.5554,0.1386,0.3348,0.0531,4e-4,0,0,4.967,86.1989,12.2051,17.172,25.1744,1.5291,1.992,377.8514,3.0581,29.7336,1.6716,17.5843,11.468,5.8992000000000004,0.1767,130.7983,0.104,0.0212,8.5,88.5,14,61.5,38.5,36.5,19,81,55.5,0,0,0,1.0686,134.0661,3.0581,14.3308,37.565,9,44,126,2.2197,4.1565,11.7001,41.2923,36.7023,8.9011,7.5556,14.7778,0,0,0,1,0,-,46.0564,52.7381,0.4069,4.0775,0.242,Straight,Single,Plane-Bed,cobble-gravel,0,0,0.5616,7.645359305,PCV,pcv_marginControlled_gravel_bed,Margin_Controlled,good,WA,poor,WApoor
MNM00001-000229,Minam,2668,449234,5024359,11N,45.37,-117.64,2014,40,16873.5243,12216.0666,1,13651.9199,37.3323,0.4152,28.2366,0.295,11,50.9,0.6997,0.7833,1.9675,0.4808,0.4159,0.1875,NA,0,0,1.7403,96.3297,1.93,3.6703,2258.1757,0.1779,549.9067,4279.2037,0.7115,927.4863,0.3853,4.2691,3.024,41.2713,3.1485,562.1765,0.4103,1.9002,1.5,97,9,54.5,45.5,31.5,11.5,88.5,37.5,288.1773,0.1779,5.302,1.1106,5390.5099,1.0673,1918.1971,75.786,34,62,126,1.0714,1.7367,8.1479,28.9538,47.2066,15.6917,14.0952,26.1905,0.0396,0.5336,4.84,1,0,2.36,3423.8,78.5015,0.5865,20.8584,0.3327,Sinuous,Single,Plane-Bed,cobble-gravel,0,0,0.724,1.956680864,PCV,pcv_planControlled_dfp,Planform_Controlled,NA,WA,poor,WApoor
JDW00001-Upper Owens D,John Day,3637,723968,4940223,10N,44.58,-120.17,2015,176,1063.5467,735.8299,1,238.7206,15.5256,0.2017,3.7196,0.1222,15,440,1.2348,0.2313,0.5916,0.1566,0.359,0.0591,NA,0.6513,0,5.1442,85.5772,10.1602,15.9556,85.9134,1.0472,10.1684,568.5712,2.4434,50.0123,1.5543,1.3962,1.3962,0.5773,0,286.4841,0.1609,0.0699,0,100,0.5,76,24,76,8,92,8,0,0,0,1.0806,81.2347,1.7453,11.5083,63.7937,0.0526,39,88,19.4444,22.2921,2.9902,21.8933,39.9908,35.1257,48.602,49.9064,0,0,NA,1,0,-,71.6891,23.9272,0.386,2.5667,0.14,Sinuous,Single,Plane-Bed,cobble-gravel-sand,0,0,0.6919,5.235892673,PCV,pcv_planControlled_dfp,Planform_Controlled,NA,WA,poor,WApoor
YFI00001-000436,Yankee Fork,2205,695154,4928901,11N,44.48,-114.54,2014,32,582.8172,359.3232,1,148.2622,19.0141,0.5259,4.8107,0.3809,14,26.9,0.2684,0.2543,0.6785,0.1839,0.3107,0.0666,3e-4,0,0,0.1803,94.41,5.59,5.7703,67.7026,2.4248,8.9534,219.8422,4.8496,22.3924,1.6626,0.8083,0.8083,0.0079,0,123.7225,0.1621,0.0792,0,100,0.5,21.5,78.5,17.5,21.5,78.5,25.5,0,0,0,1.272,71.8295,4.0413,11.6073,94.7293,8,39,80,11.5714,19.3743,4.8386,32.9691,58.7553,3.4369,0.6667,1.0146,3.6903,21.3381,13.26,1,0,-,42.9531,23.9507,0.4342,2.8822,0.2258,Sinuous,Single,Plane-Bed,cobble-gravel,0,0,0.6165,11.3156459,UCV,ucv_anabranching_gravel_bed,Wandering_Gravel,good,WA,moderate,WAmoderate
CBW05583-010495,Tucannon,2262,448231,5130630,11N,46.32,-117.67,2014,88,3412.441,2421.4094,1,1567.1474,31.9041,0.4943,13.9953,0.2593,11,76.5,0.6495,0.438,1.3969,0.5346,0.3136,0.1862,NA,0,0,4.041,90.332,5.627,9.668,391.4652,1.2303,132.0732,1584.222,1.6404,457.7802,1.1397,14.3533,9.4321,30.7337,0,243.8471,0.2328,2.9194,0.5,99,0,32,68,28,35,65,40,0,0,0,1.232,456.9477,1.6404,191.0878,81.3454,23,71,123,3.0615,4.8889,0.7144,36.9303,57.7964,4.5588,2.4126,3.851,0.4394,3.6908,10.64,1,0,-,780.883,32.4664,0.3871,9.7968,0.1816,Meandering,Single,Pool-Riffle,cobble-gravel,0,0,0.7096,4.511023506,PCV,PC Low-Mod Sinuosity Wandering Gravel/Cobble Bed,Planform_Controlled,moderate,WA,moderate,WAmoderate
JDW00001-Mazama A,John Day,2790,720257,4946012,10N,44.63,-120.22,2014,212,960.5825,805.9713,1,243.213,11.4702,0.2781,4.3091,0.1886,12,472,0.9507,0.2968,0.9075,0.2681,0.3609,0.1218,NA,8.4378,0,6.0376,82.5749,9.5918,24.0672,306.0899,1.8041,42.4546,421.196,2.2552,52.1215,1.3173,0,0,0,0,221.7117,0.2997,0.1978,0.5,99.5,1.5,43,57,32.5,11,89,22,0,0,0,1.2489,78.6787,1.3531,17.1586,NA,0.0264,24,92,2.4375,4.3239,7.078,23.8013,40.0285,29.0922,31.2587,36.737,0,0,0,1,0,-,111.7347,12.8492,0.2968,3.6245,0.1739,Sinuous,Single,Pool-Riffle,cobble-gravel-sand,0,0,0.839,5.412434256,PCV,pcv_fanControlled_dfp,Margin_Controlled,NA,WA,moderate,WAmoderate
CBW05583-423282,John Day,2435,312414,4905337,11N,44.27,-119.35,2014,412,929.0007,549.1016,1,254.2292,25.5165,0.3344,6.1792,0.2191,11,220,0.6872,0.2622,0.7333,0.1322,0.4906,0.0692,3e-4,16.7249,0,5.3966,68.4352,9.4433,31.5648,225.2999,2.6949,20.9528,267.8765,3.3687,21.8667,1.228,4.0424,4.0424,6.3166,0.4811,148.4272,0.0899,0.0396,3,80.5,12,46.5,53.5,38.5,32,68,59.5,0,0,0,1.2785,55.9252,1.3475,7.3838,51.2418,15,42,109,6.3438,9.7188,5.0035,18.7391,63.3627,12.8947,1.2222,7.7778,0,0,0,1,0,-,50.2033,47.0581,0.6183,3.6221,0.268,Sinuous,Single,Plane-Bed,gravel,0,0,0.5911,7.411040564,PCV,pcv_margin_controlled_dfp,Margin_Controlled,good,WA,moderate,WAmoderate
CBW05583-189385,Methow,2546,716504,5304859,10N,48.34,-120.08,2014,80,38055.9217,17926.7438,1,19704.598,47.5129,0.2106,66.6593,0.0971,3,155,2.3992,0.8076,3.3704,1.217,0.4177,0.476,3e-4,4.1275,0,4.1275,87.6176,4.1275,12.3824,0,0,0,3128.3759,0.174,1298.671,0.1877,1.044,0,4.0619,0,574.7142,1.2388,6.5379,6,89,2,21.5,78.5,16,22.5,77.5,39,0,0,0,1.2788,14798.3677,0.348,10544.4669,NA,35,66,126,8.4537,11.6004,12.885,37.0007,37.3118,11.9301,0,0,0,0,0,1,0,-,11843.1375,51.2318,0.5267,31.1303,0.2752,Sinuous,Single,Pool-Riffle,cobble-gravel,0,0,0.4711,0.521998586,UCV,ucv_wandering_cobble-bed,Wandering_Gravel,moderate,WA,moderate,WAmoderate
JDW00001-Juniper Canyon 3,John Day,2769,721268,4944733,10N,44.62,-120.21,2014,184,798.6589,592.8604,1,245.5228,14.2647,0.2251,4.2853,0.1428,3,430,1.0891,0.3077,0.8923,0.2376,0.3297,0.0836,0.0021,4.8411,0,4.4021,86.3546,4.4021,13.6454,52.0518,0.5361,10.5338,521.9324,0.5361,80.8614,1.0724,1.0722,1.0722,0.2923,0,186.527,0.3367,0.1574,0.5,98,1.5,38.5,61.5,32,27,73,35.5,0,0,0,1.2395,18.8358,0.5361,5.3203,NA,20,49,101,13.1859,18.2329,8.8042,50,30.2802,10.5979,18.5714,21.2585,0.2547,1.5815,1.51,1,0,-,96.7155,21.8223,0.3959,3.1667,0.1499,Sinuous,Single,Plane-Bed,cobble-gravel,0,0,0.7423,1.608346245,PCV,pcv_marginControlled_dfp,Margin_Controlled,moderate,WA,moderate,WAmoderate
CBW05583-055979,Entiat,3979,684197,5314016,10N,47.95,-120.53,2016,24,23490.7991,16309.3821,1.9381,21196.0395,43.5,0.3734,30.1621,0.2708,14,32.6,0.5559,0.7182,2.337,0.7097,0.2917,0.2365,NA,0.8283,0,7.63,87.6389,3.9028,12.3611,4068.2266,0.5778,1909.3992,6667.9985,0.9629,2265.8957,0.8049,155.0302,81.2705,338.9469,34.1947,519.2536,0.5979,9.2589,22.5,70,54,22,78,5.5,58,42,104.5,3392.4177,0.9629,31.3317,1.1982,2180.7391,1.1555,1072.7305,66.5639,3,85,231,13.1275,18.7967,8.2801,55.7125,20.2017,15.8057,8.1481,11.6296,0.4028,8.9455,65.69,1.9798,0,20.8,6000.625,63.2049,0.4868,24.9227,0.2972,Anabranching,Multi,Pool-Riffle,cobble-gravel,0,0,0.6943,2.696177744,PCV,Low to Moderate Sinuosity Planform-Controlled Discontinuous Floodplain,Planform_Controlled,good,WA,good,WAgood
CBW05583-170443,Tucannon,4147,443458,5142641,11N,46.43,-117.73,2016,36,7617.7396,5173.4481,2.3223,4740.4808,27.9291,0.5497,15.4828,0.4451,15,84.3,0.7516,0.572,2.5492,0.5263,0.4005,0.2404,NA,0,0,11.1956,79.435,9.3694,20.565,846.0471,1.1479,227.101,1271.1964,1.5305,273.5362,1.076,112.8736,57.3934,104.0768,10.0113,261.3542,0.3986,1.8471,17,66,0,42.5,57.5,20,51,49,107.5,1905.6544,1.9131,23.3992,1.248,1152.4954,3.061,553.466,58.9127,21,51,98,3.4186,8.7646,6.0471,21.6922,55.4822,16.7784,4.1224,8.3446,0,0,0,2.4285,0,36.82,1317.9175,38.676,0.4858,11.6115,0.3128,Anabranching,Multi,Pool-Riffle,cobble-gravel,0,0,0.6791,5.73933765,UCV,low-moderate sinuosity wandering gravel bed,Wandering_Gravel,NA,WA,good,WAgood
CBW05583-045010,South Fork Salmon,2051,591133,5015244,11N,45.28,-115.83,2014,14,1156.4507,966.282,1.1139,562.9095,14.3091,0.4268,7.1046,0.4416,14,23,0.4047,0.4832,1.6473,0.4402,0.3524,0.1669,1e-4,19.8244,0,21.131,55.9919,3.0528,44.0081,0,0,0,229.0643,3.3662,44.7454,1.8849,152.1501,101.6578,73.9232,0,148.5375,0.3679,0.3225,1,97.5,0.5,59,41,45.5,13,87,29,0,0,0,1.1135,737.2057,6.0591,245.5821,NA,3,32,101,6.5703,9.991,0.6453,11.1146,57.5702,30.67,1.3239,6.3394,1.9725,15.215,19.06,1.1324,0,-,290.3275,21.8529,0.5732,6.1127,0.3067,Wandering,Transitional,Step-Pool,gravel-sand,0,0,0.8356,9.425229319,UCV,ucv_lowSin_grave_bed,Wandering_Gravel,good,WA,good,WAgood
ENT00001-3C1,Entiat,4212,691608,5306592,10N,47.88,-120.43,2016,22,10297.2403,7755.115,1,13541.9382,34.8091,0.485,28.698,0.2418,12,31.8,1.1183,1.1177,3.3121,0.8398,0.4815,0.3881,NA,0.2834,2.9578,7.464,80.5303,8.7645,19.4697,894.6857,0.3392,310.2695,704.6262,0.3392,132.4313,0.3003,61.0608,27.8166,27.8459,9.4155,294.788,0.6453,4.306,20.5,58.5,18,19.5,80.5,14.5,50.5,49.5,97,53.1391,0.3392,2.076,1.1143,6054.5984,3.3923,3509.7508,69.5957,5,52,144,4.4,7.5768,7.576,28.4469,29.3844,34.5927,23.1111,30.2963,0.36,8.8538,27.92,1,0,0.69,3957.3916,52.2605,0.5264,22.6869,0.1448,Wandering,Transitional,Pool-Riffle,cobble-gravel,1,3.4,0.7531,4.07072201,PCV,NA,Planform_Controlled,NA,WA,good,WAgood
CBW05583-491690,Upper Grande Ronde,3701,437200,5002061,11N,45.16,-117.79,2016,40,8883.1268,7517.9211,1.2744,2796.8348,55.0328,0.3175,15.8036,0.1767,17,72.2,0.5096,0.3143,1.5118,0.301,0.6015,0.1657,NA,0,0,1.3433,95.8711,3.003,4.3462,1176.5874,0.591,209.419,3935.8401,1.3791,564.0432,0.7371,71.123,33.4928,116.6511,12.1684,507.5714,0.4387,0.8825,11.5,88,0.5,33.5,66.5,35,31,69,41.5,686.3543,0.394,6.5843,1.3115,1719.1392,1.3791,462.2152,73.7505,29,51,88,4.0132,5.3426,0.3391,31.9203,49.1842,18.5565,1.9259,7.7037,0.0863,1.852,6.49,1.3012,0,9.13,1431.4744,83.2991,0.4792,13.3489,0.219,Wandering,Transitional,Pool-Riffle,cobble-gravel,0,0,0.8463,3.349282485,UCV,ucv_lowSin_gravel_bed,Wandering_Gravel,moderate,WA,good,WAgood
CBW05583-132779,Entiat,3297,686575,5310041,10N,47.91,-120.5,2015,28,21876.3149,13365.3818,2.3282,13505.4496,30.0224,0.3211,23.7207,0.2157,34,35.9,0.8367,0.6281,2.8812,0.6412,0.3189,0.2271,1e-4,3.1148,0,4.5808,88.0736,5.0171,12.7127,1949.2607,0.651,536.0004,2984.4138,2.1158,727.2376,1.8439,94.396,28.156,204.0384,26.659,614.4328,0.3647,1.8392,22.5,63.5,34,10.5,89.5,7.5,31.5,68.5,71,812.409,0.651,27.5338,1.138,7619.2983,2.7668,3125.3322,68.8086,20,137,367,2.2206,5.211,31.6273,22.6192,19.3314,23.3871,24.0872,31.3981,0.0469,1.302,6.27,1.4154,2308.9492,23.35,4571.3644,46.4174,0.4307,17.1344,0.2486,Anabranching,Multi,Pool-Riffle,boulder-cobble-gravel-sand,0,0,0.611,5.533558755,PCV,PCV_planform-controlled discontinuous floodplain,Planform_Controlled,NA,WA,good,WAgood
CBW05583-189938,John Day,1164,369113,4945528,11N,44.65,-118.65,2013,57,873.6134,567.5879,1.2112,196.6007,25.8124,0.2741,6.6853,0.2143,12,96.3,0.3276,0.2379,0.8488,0.1969,0.3356,0.0801,3e-4,0,0,4.2556,90.6292,5.1151,9.3708,38.2611,0.8162,6.9146,390.5432,4.0811,35.8519,2.6702,23.6706,12.2434,10.1152,0.2322,122.5148,0.1189,0.0807,8.2,89.6,14,22,78,8.5,21.5,78.5,45.4,0,0,0,1.0913,138.7449,4.8974,18.1633,NA,26,58,142,2.7384,7.5555,16.7952,37.1423,38.3219,7.7406,0.1,7.4,0.1498,1.2243,0.85,1,0,-,60.9298,36.5769,0.4623,4.6165,0.2551,Sinuous,Single,Plane-Bed,cobble-gravel,0,0,0.6497,9.794735003,CV,confined valley w/ occasional floodpockets,Conf_Floodplain,NA,CV,poor,CVpoor
PIB00001-2286_3769,Region 17,937,504737,4948586,11N,44.69,-116.94,2012,100,707.8252,473.6359,1,130.4884,18.9889,0.3583,4.283,0.1926,14,298,0.7743,0.1994,0.6689,0.1594,0.3479,0.0663,2e-4,0,0,4.7613,87.5738,7.6649,12.4262,0,0,0,412.4953,4.2329,33.0751,4.0597,10.8651,4.8289,2.4293,0,165.3726,0.1489,0.0621,5.5,84.6,14.4,39.8,60.2,7.2,47.4,52.6,95.4,0,0,0,1.0951,61.1409,4.2329,7.9946,55.5247,5,30,102,8.5244,17.7673,6.3659,17.0635,46.3952,30.1754,22.2857,34.381,0.1225,0.3023,0.58,1,0,-,41.0697,30.0306,0.4448,2.853,0.2201,Sinuous,Single,Rapid,cobble-gravel,0,0,0.6691,8.465731324,CV,cv_boulder_bed,Conf_Bedrock,NA,CV,poor,CVpoor
dsgn4-000161,Upper Grande Ronde,2145,455527,4994690,11N,45.1,-117.56,2014,42,1461.0075,1225.9263,1.1175,807.1649,16.6135,0.2738,7.0903,0.1757,13,64.7,0.7373,0.4934,1.0746,0.3551,0.2481,0.1216,3e-4,0,0,1.0191,93.1519,6.1549,7.174,0,0,0,1023.6251,3.4329,223.7834,5.4701,8.8274,5.8849,9.9534,0,203.9114,0.1198,0.3234,11,86.5,30.5,35.5,64.5,12,24,76,61,0,0,0,1.0739,202.2993,2.9425,55.0142,46.4864,2,70,240,24.875,24.4511,29.0364,26.4807,19.824,24.659,14.6667,22.4,0.5286,2.6972,6.48,1,0,-,278.7975,25.2323,0.3642,5.9935,0.1796,Sinuous,Single,Rapid,boulder-cobble-gravel-sand,0,0,0.8391,6.375317908,CV,cv_boulder_bed,Conf_Bedrock,good,CV,poor,CVpoor
CBW05583-199103,Upper Grande Ronde,85,420223,5055877,11N,45.65,-118.02,2011,16,382.6441,292.0592,1,90.2625,17.5255,0.3017,3.6187,0.1834,15,27.2,0.8451,0.2288,1.0133,0.1553,0.704,0.0857,4e-4,NA,0,2.1419,68.3312,27.5063,31.6688,0,0,0,240.3127,12.2566,21.9157,3.686,6.5997,3.7713,0.9293,0,106.0652,0.3819,0.0713,23.5,69,40.75,62.5,37.5,36,42.5,57.5,100,0,0,0,1.0516,24.5298,1.8856,4.204,17.258,8,55,140,NA,NA,3.8487,45.5983,43.8613,6.8187,7.6,10.4,0,0,NA,1,0,-,27.4548,27.686,0.649,2.7334,0.2191,Sinuous,Single,Rapid,cobble-gravel,0,0,0.7633,14.14224458,CV,cv_cobble_bed,Conf_Floodplain,moderate,CV,poor,CVpoor
CBW05583-141995,Entiat,3983,687555,5297482,10N,47.8,-120.49,2016,34,3880.6253,2999.055,1,2185.2471,24.9007,0.2214,13.9336,0.14,11,51.4,0.7127,0.5573,1.2279,0.4349,0.2397,0.1375,NA,4.2278,0,11.5702,67.3063,17.2317,33.0297,176.0264,0.7126,55.1393,2465.7005,2.1377,684.4988,2.2284,52.0163,25.2956,136.0904,4.855,280.6813,0.3943,1.1389,7,67,23,20.5,79.5,19.5,62.5,37.5,96.5,0,0,0,1.0869,357.3025,1.0688,121.3584,59.4629,16,113,306,3.4312,4.741,30.2629,37.2115,23.8882,8.5206,1.4667,6.9333,0.2344,2.4939,7.03,1,0,-,861.0053,38.8752,0.3272,10.6817,0.1928,Sinuous,Single,Plane-Bed,boulder-cobble-gravel,0,0,0.7728,3.919035575,CV,cv_occ_fpp,Conf_Floodplain,intact,CV,poor,CVpoor
CBW05583-442351,South Fork Salmon,323,619780,4973498,11N,44.9,-115.48,2011,9,1580.402,1156.0936,1,736.9489,13.8353,0.249,9.6946,0.1813,2,53,0.7837,0.528,1.2468,0.4589,0.2313,0.146,NA,NA,2.5391,0.4922,91.9687,5,8.0313,0,0,0,1158.8099,1.2245,341.8318,5.617,5.5101,2.4489,4.1511,0,163.3357,NA,1.4034,7.5,79.4,27.35,27.6,72.4,12.1,25.7,74.3,61.8,0,0,0,1.0307,0,0,0,51.1926,25,150,300,NA,NA,29.8436,40.1564,25,5,NA,NA,0,0,NA,1,0,-,341.8318,22.0885,0.2865,7.0671,0.2023,Straight,Single,Rapid,boulder-cobble-gravel,0,0,0.7315,1.224472054,CV,cv_step_cascade,Conf_Cascade,good,CV,poor,CVpoor
CBW05583-503467,Entiat,3991,694267,5290554,10N,47.73,-120.4,2016,100,902.6987,494.2117,1,782.2183,12.5253,0.2144,6.9494,0.1412,16,183.3,0.7726,0.6776,1.5853,0.2827,0.3154,0.103,NA,0,0,1.6425,86.5268,11.8306,13.4732,0,0,0,349.1466,6.354,58.3014,3.874,77.0423,35.7413,13.2836,0,125.9048,0.2221,0.2064,17,61.5,5,36,64,16,69.5,30.5,128,0,0,0,1.0722,145.0651,6.354,30.2272,NA,5,61,236,7.2368,11.97,27.3251,33.5983,27.83,11.2466,7.8984,14.3569,0,0,0,1,0,-,88.5286,20.7752,0.3019,3.9213,0.1413,Sinuous,Single,Rapid,cobble-gravel,0,0,0.5475,12.70801431,CV,Confined valley step-cascade,Conf_Cascade,NA,CV,moderate,CVmoderate
CBW05583-170447,Lemhi,920,309823,4942788,12N,44.61,-113.39,2012,52,1127.9404,920.4294,1,463.7653,13.4161,0.2658,7.0205,0.199,11,97.3,1.1806,0.4533,1.2798,0.4786,0.324,0.1654,2e-4,2.7872,0,5.4547,82.7802,11.0284,19.2703,31.4994,0.622,9.8469,373.8784,2.4881,96.6352,2.9029,18.6609,5.5983,1.599,0,160.7638,0.3904,0.7679,5,85.9,17.8,25,75,17.1,41.3,58.7,63.3,0,0,0,1.0667,515.0514,3.7322,177.6602,58.8434,10,41,122,17.0083,20.3017,13.7504,26.2357,40.3204,10.056,8.7897,19.377,0.3118,2.8613,2.87,1,0,-,284.1422,17.7342,0.3941,5.7434,0.2256,Sinuous,Single,Step-Pool,cobble-gravel,0,0,0.816,6.842336397,CV,cv_boulder_bed,Conf_Bedrock,good,CV,moderate,CVmoderate
PIB00001-2286_3769,Region 17,937,504737,4948586,11N,44.69,-116.94,2012,100,707.8252,473.6359,1,130.4884,18.9889,0.3583,4.283,0.1926,14,298,0.7743,0.1994,0.6689,0.1594,0.3479,0.0663,2e-4,0,0,4.7613,87.5738,7.6649,12.4262,0,0,0,412.4953,4.2329,33.0751,4.0597,10.8651,4.8289,2.4293,0,165.3726,0.1489,0.0621,5.5,84.6,14.4,39.8,60.2,7.2,47.4,52.6,95.4,0,0,0,1.0951,61.1409,4.2329,7.9946,55.5247,5,30,102,8.5244,17.7673,6.3659,17.0635,46.3952,30.1754,22.2857,34.381,0.1225,0.3023,0.58,1,0,-,41.0697,30.0306,0.4448,2.853,0.2201,Sinuous,Single,Rapid,cobble-gravel,0,0,0.6691,8.465731324,CV,cv_boulder_bed,Conf_Bedrock,NA,CV,moderate,CVmoderate
dsgn4-000161,Upper Grande Ronde,2145,455527,4994690,11N,45.1,-117.56,2014,42,1461.0075,1225.9263,1.1175,807.1649,16.6135,0.2738,7.0903,0.1757,13,64.7,0.7373,0.4934,1.0746,0.3551,0.2481,0.1216,3e-4,0,0,1.0191,93.1519,6.1549,7.174,0,0,0,1023.6251,3.4329,223.7834,5.4701,8.8274,5.8849,9.9534,0,203.9114,0.1198,0.3234,11,86.5,30.5,35.5,64.5,12,24,76,61,0,0,0,1.0739,202.2993,2.9425,55.0142,46.4864,2,70,240,24.875,24.4511,29.0364,26.4807,19.824,24.659,14.6667,22.4,0.5286,2.6972,6.48,1,0,-,278.7975,25.2323,0.3642,5.9935,0.1796,Sinuous,Single,Rapid,boulder-cobble-gravel-sand,0,0,0.8391,6.375317908,CV,cv_boulder_bed,Conf_Bedrock,good,CV,moderate,CVmoderate
CBW05583-199103,Upper Grande Ronde,85,420223,5055877,11N,45.65,-118.02,2011,16,382.6441,292.0592,1,90.2625,17.5255,0.3017,3.6187,0.1834,15,27.2,0.8451,0.2288,1.0133,0.1553,0.704,0.0857,4e-4,NA,0,2.1419,68.3312,27.5063,31.6688,0,0,0,240.3127,12.2566,21.9157,3.686,6.5997,3.7713,0.9293,0,106.0652,0.3819,0.0713,23.5,69,40.75,62.5,37.5,36,42.5,57.5,100,0,0,0,1.0516,24.5298,1.8856,4.204,17.258,8,55,140,NA,NA,3.8487,45.5983,43.8613,6.8187,7.6,10.4,0,0,NA,1,0,-,27.4548,27.686,0.649,2.7334,0.2191,Sinuous,Single,Rapid,cobble-gravel,0,0,0.7633,14.14224458,CV,cv_cobble_bed,Conf_Floodplain,moderate,CV,moderate,CVmoderate
CBW05583-442351,South Fork Salmon,323,619780,4973498,11N,44.9,-115.48,2011,9,1580.402,1156.0936,1,736.9489,13.8353,0.249,9.6946,0.1813,2,53,0.7837,0.528,1.2468,0.4589,0.2313,0.146,NA,NA,2.5391,0.4922,91.9687,5,8.0313,0,0,0,1158.8099,1.2245,341.8318,5.617,5.5101,2.4489,4.1511,0,163.3357,NA,1.4034,7.5,79.4,27.35,27.6,72.4,12.1,25.7,74.3,61.8,0,0,0,1.0307,0,0,0,51.1926,25,150,300,NA,NA,29.8436,40.1564,25,5,NA,NA,0,0,NA,1,0,-,341.8318,22.0885,0.2865,7.0671,0.2023,Straight,Single,Rapid,boulder-cobble-gravel,0,0,0.7315,1.224472054,CV,cv_step_cascade,Conf_Cascade,good,CV,moderate,CVmoderate
CBW05583-503467,Entiat,3991,694267,5290554,10N,47.73,-120.4,2016,100,902.6987,494.2117,1,782.2183,12.5253,0.2144,6.9494,0.1412,16,183.3,0.7726,0.6776,1.5853,0.2827,0.3154,0.103,NA,0,0,1.6425,86.5268,11.8306,13.4732,0,0,0,349.1466,6.354,58.3014,3.874,77.0423,35.7413,13.2836,0,125.9048,0.2221,0.2064,17,61.5,5,36,64,16,69.5,30.5,128,0,0,0,1.0722,145.0651,6.354,30.2272,NA,5,61,236,7.2368,11.97,27.3251,33.5983,27.83,11.2466,7.8984,14.3569,0,0,0,1,0,-,88.5286,20.7752,0.3019,3.9213,0.1413,Sinuous,Single,Rapid,cobble-gravel,0,0,0.5475,12.70801431,CV,Confined valley step-cascade,Conf_Cascade,NA,CV,good,CVgood
ORW03446-077704,Upper Grande Ronde,664,384049,5008477,11N,45.22,-118.47,2012,98,540.4135,349.8866,1.2004,138.5792,19.1598,0.365,3.8347,0.2325,15,128,0.7152,0.2232,0.5886,0.1163,0.56,0.0577,0,0.352,0.0623,9.3508,80.8761,9.3588,19.1239,29.7683,1.6549,1.4657,188.1666,4.9647,10.408,3.0696,116.6713,50.4748,3.6458,0.0611,120.8523,0.133,0.0116,10.7,73,16.3,83.5,16.5,46.3,30.5,69.5,94.7,0,0,0,1.1927,129.8645,5.7922,9.2833,32.613,16,29,58,8.2174,8.8726,6.5218,56.4132,25.2076,11.8573,4.6957,7.913,0.6688,2.8961,2.34,1.0707,30.6756,8.82,21.157,31.2168,0.4545,2.5491,0.2995,Wandering,Transitional,Rapid,cobble-gravel,0,0,0.6474,12.41184487,CV,cv_gravel_bed,Conf_Floodplain,moderate,CV,good,CVgood
CBW05583-345970,John Day,3161,311237,4908716,11N,44.3,-119.36,2015,88,399.0831,260.2034,1,161.9332,10.7027,0.3351,3.178,0.2661,21,130,1.3977,0.341,1.304,0.1194,0.5885,0.0653,1e-4,0.2259,0,14.3669,70.2822,15.125,29.7178,22.7082,1.5996,1.6859,150.0076,5.5986,11.1793,5.5587,49.588,31.9922,13.6679,1.6711,125.0303,NA,0.0146,6,93.5,10,8,92,3.5,14,86,25,0,0,0,1.1125,87.6302,9.5977,10.1402,67.466,5,24,73,4.25,6.9746,4.7961,13.9545,51.8352,29.4143,30.2667,48.2,3.382,8.318,8.8,1,0,-,23.0054,22.0955,0.8742,2.0534,0.2935,Sinuous,Single,Rapid,gravel-sand,0,0,0.652,16.79592867,CV,cv_gravel_bed,Conf_Floodplain,good,CV,good,CVgood
WC503432-000029,Wenatchee,2338,680750,5251198,10N,47.38,-120.6,2014,80,496.7392,355.1794,1,128.8437,14.2602,0.2358,3.9314,0.1214,13,229,1.1115,0.2664,0.7681,0.2042,0.4317,0.0876,4e-4,0,0,2.1903,86.6586,11.1511,13.3414,28.5233,0.7935,4.7894,194.9455,3.9674,19.4571,2.3797,21.4241,12.6958,6.5312,0.0679,126.0262,0.2399,0.0381,9.5,82.5,17.5,29,71,27,35,65,54.5,0,0,0,1.1187,131.7105,5.5544,19.219,21.5204,2,16,144,14.8929,18.6554,5.5163,24.3343,31.6709,38.4785,19.1304,22.3478,0.1661,0.7935,0.59,1,0,-,43.4655,22.7598,0.4775,2.8117,0.1537,Sinuous,Single,Pool-Riffle,cobble-gravel-sand,0,0,0.715,10.31531539,CV,cv_occ_fpp,Conf_Floodplain,poor,CV,good,CVgood
