visit.id,gut.layer,unit.type,n,area.mean,area.med,area.sd,area.sum,perim.mean,perim.med,perim.sd,perim.sum,area.ratio,perim.area.ratio
1027,UnitForm,Bowl,14,13.689,8.67,13.609,191.65,22.8,18.7,15.409,319.2,0.113,1.666
1027,UnitForm,Bowl Transition,10,12.508,4.94,19.675,125.08,40.58,19.2,50.051,405.8,0.074,3.244
1027,UnitForm,Mound,21,12.611,5.32,16.975,264.84,37.581,25.8,30.687,789.2,0.157,2.98
1027,UnitForm,Mound Transition,25,5.009,1.46,7.189,125.22,30.296,13.2,32.874,757.4,0.074,6.048
1027,UnitForm,Plane,14,17.141,7.6,21.753,239.97,62.457,45.7,50.91,874.4,0.142,3.644
1027,UnitForm,Saddle,3,81.817,53.82,89.434,245.45,75.467,68.2,60.429,226.4,0.145,0.922
1027,UnitForm,Trough,12,23.905,5.03,36.118,286.86,79.433,22.4,115.527,953.2,0.17,3.323
1027,UnitForm,Wall,11,19.085,13.57,15.817,209.94,86.127,52.8,66.018,947.4,0.124,4.513
1029,UnitForm,Bowl,20,9.732,8.25,9.428,194.65,17.73,15.2,11.765,354.6,0.114,1.822
1029,UnitForm,Bowl Transition,17,4.872,1.66,6.281,82.82,19.318,14.2,19.323,328.4,0.049,3.965
1029,UnitForm,Mound,33,13.014,3.86,19.832,429.45,28.83,14.4,33.73,951.4,0.252,2.215
1029,UnitForm,Mound Transition,61,2.285,0.72,4.409,139.39,16.679,8,26.376,1017.4,0.082,7.299
1029,UnitForm,Plane,25,11.487,4.69,19.766,287.17,49.608,32.8,51.717,1240.2,0.169,4.319
1029,UnitForm,Saddle,9,15.334,13.17,10.749,138.01,30.422,27.6,16.902,273.8,0.081,1.984
1029,UnitForm,Trough,20,14.357,6.555,21.284,287.13,61.13,30.1,79.162,1222.6,0.169,4.258
1029,UnitForm,Wall,14,10.309,9.505,6.508,144.32,56.2,54.2,34.216,786.8,0.085,5.452
1096,UnitForm,Bowl,11,161.899,46.83,229.637,1780.889,74.745,42.2,72.271,822.2,0.096,0.462
1096,UnitForm,Bowl Transition,10,109.141,30.6,153.727,1091.411,110.12,63,116.02,1101.2,0.059,1.009
1096,UnitForm,Mound,5,1000.014,280.75,1304.402,5000.072,464.24,342.2,512.027,2321.2,0.27,0.464
1096,UnitForm,Mound Transition,34,54.617,0.215,265.917,1856.97,89.329,4.5,343.006,3037.2,0.1,1.636
1096,UnitForm,Plane,2,1800.54,1800.54,2040.003,3601.08,1629.6,1629.6,1067.449,3259.2,0.195,0.905
1096,UnitForm,Saddle,3,115.284,74.59,82.343,345.851,93.533,59.2,64.023,280.6,0.019,0.811
1096,UnitForm,Trough,5,714.33,484.779,809.392,3571.65,539.72,272.6,565.401,2698.6,0.193,0.756
1096,UnitForm,Wall,6,206.972,178.545,215.865,1241.83,265.3,270.8,208.983,1591.8,0.067,1.282
1164,UnitForm,Bowl,13,3.564,2.92,2.708,46.33,11.108,10.4,5.299,144.4,0.049,3.117
1164,UnitForm,Bowl Transition,14,7.701,4.485,7.852,107.81,26.014,16.7,22.653,364.2,0.115,3.378
1164,UnitForm,Mound,14,14.996,10.215,13.115,209.95,33.871,25.7,23.341,474.2,0.224,2.259
1164,UnitForm,Mound Transition,25,3.635,0.85,6.662,90.88,22.576,7.6,32.204,564.4,0.097,6.211
1164,UnitForm,Plane,11,17.039,3.68,27.84,187.43,66.891,26.2,89.196,735.8,0.2,3.926
1164,UnitForm,Saddle,1,6.49,6.49,NaN,6.49,15.8,15.8,NaN,15.8,0.007,2.435
1164,UnitForm,Trough,5,36.75,40.92,31.869,183.75,131.44,161.2,105.029,657.2,0.196,3.577
1164,UnitForm,Wall,12,8.623,3.66,8.351,103.48,37.9,22.8,31.127,454.8,0.111,4.395
1175,UnitForm,Bowl,21,3.447,1.71,4.162,72.38,10.619,8.2,8.725,223,0.068,3.081
1175,UnitForm,Bowl Transition,26,4.385,1.95,6.168,114.01,16.608,9.5,17.331,431.8,0.106,3.787
1175,UnitForm,Mound,41,6.498,0.79,10.887,266.43,15.405,7.8,20.287,631.6,0.249,2.371
1175,UnitForm,Mound Transition,39,2.464,0.77,4.418,96.08,20.538,11.2,25.556,801,0.09,8.335
1175,UnitForm,Plane,11,18.536,5.12,29.769,203.9,89.891,32,118.642,988.8,0.19,4.85
1175,UnitForm,Saddle,3,8.603,9.59,5.704,25.81,17.4,21.4,7.454,52.2,0.024,2.023
1175,UnitForm,Trough,10,20.941,15.39,17.345,209.41,94.14,69.7,85.904,941.4,0.196,4.495
1175,UnitForm,Wall,14,5.923,3.425,5.048,82.92,37.557,23.7,30.89,525.8,0.077,6.341
1448,UnitForm,Bowl,13,47.25,31.3,74.094,614.25,47.323,33.4,58.294,615.2,0.145,1.002
1448,UnitForm,Bowl Transition,10,4.734,3.07,4.6,47.34,19.78,13.6,22.218,197.8,0.011,4.178
1448,UnitForm,Mound,44,28.402,10.34,38.68,1249.68,36.373,22.6,38.76,1600.4,0.295,1.281
1448,UnitForm,Mound Transition,50,7.933,2.005,14.199,396.66,29.184,12.4,41.15,1459.2,0.094,3.679
1448,UnitForm,Plane,19,40.704,9.4,84.466,773.37,109.063,56.8,164.825,2072.2,0.183,2.679
1448,UnitForm,Saddle,5,33.332,36.75,20.274,166.66,34.92,37.8,12.936,174.6,0.039,1.048
1448,UnitForm,Trough,9,80.551,40.68,100.689,724.96,189.956,77.6,244.648,1709.6,0.171,2.358
1448,UnitForm,Wall,29,8.942,7.93,6.484,259.32,36.497,35.8,19.345,1058.4,0.061,4.082
1486,UnitForm,Bowl,15,25.763,8.76,47.79,386.45,28.48,18,32.491,427.2,0.116,1.105
1486,UnitForm,Bowl Transition,10,27.439,4.585,35.225,274.39,54.16,25.5,59.166,541.6,0.082,1.974
1486,UnitForm,Mound,15,30.166,6.01,48.795,452.49,54.333,23.6,61.227,815,0.136,1.801
1486,UnitForm,Mound Transition,26,10.087,4.435,12.919,262.26,41.692,25.3,48.891,1084,0.079,4.133
1486,UnitForm,Plane,7,94.614,12.8,191.221,662.3,210.914,56.8,364.476,1476.4,0.199,2.229
1486,UnitForm,Saddle,2,53.92,53.92,19.332,107.84,51.7,51.7,12.021,103.4,0.032,0.959
1486,UnitForm,Trough,11,64.98,39.72,100.333,714.78,127.382,40.8,156.755,1401.2,0.214,1.96
1486,UnitForm,Wall,6,79.073,66.855,69.032,474.44,211,199.1,164.023,1266,0.142,2.668
1494,UnitForm,Bowl,10,55.705,34.815,67.393,557.05,49,37.5,45.472,490,0.132,0.88
1494,UnitForm,Bowl Transition,13,20.878,16.22,24.048,271.41,40.831,40.2,31.478,530.8,0.064,1.956
1494,UnitForm,Mound,17,35.164,9.29,49.435,597.78,66.824,41.2,66.817,1136,0.141,1.9
1494,UnitForm,Mound Transition,23,15.863,4.66,19.444,364.86,61.678,38.6,65.048,1418.6,0.086,3.888
1494,UnitForm,Plane,3,290.983,64.12,447.096,872.95,547.6,123,829.82,1642.8,0.207,1.882
1494,UnitForm,Trough,6,158.167,26.46,276.363,949,237.267,116.9,337.58,1423.6,0.225,1.5
1494,UnitForm,Wall,3,203.853,198.04,167.286,611.56,498.933,641.4,345.669,1496.8,0.145,2.448
1521,UnitForm,Bowl,15,143.211,33.7,225.789,2148.17,63.293,42.8,68.728,949.4,0.101,0.442
1521,UnitForm,Bowl Transition,11,189.919,36.81,418.161,2089.112,131.636,51.4,210.369,1448,0.098,0.693
1521,UnitForm,Mound,20,174.049,10.115,408.841,3480.985,126.67,24.6,213.932,2533.4,0.163,0.728
1521,UnitForm,Mound Transition,22,77.52,8.105,156.933,1705.431,165.509,23.2,297.265,3641.2,0.08,2.135
1521,UnitForm,Plane,5,865.368,136.509,1666.812,4326.839,810.48,480.8,1236.092,4052.4,0.202,0.937
1521,UnitForm,Saddle,1,158.23,158.23,NaN,158.23,125.999,125.999,NaN,125.999,0.007,0.796
1521,UnitForm,Trough,5,965.076,481.98,1159.18,4825.379,670,619,586.023,3350,0.226,0.694
1521,UnitForm,Wall,15,175.749,53.64,222.761,2636.24,186.067,85,211.586,2791,0.123,1.059
1545,UnitForm,Bowl,14,1.609,1.295,0.804,22.52,7.186,7,2.518,100.6,0.037,4.466
1545,UnitForm,Bowl Transition,21,3.848,1.54,5.619,80.8,15.829,8.2,17.966,332.4,0.133,4.114
1545,UnitForm,Mound,21,7.264,3.06,8.382,152.54,28.067,18,26.507,589.4,0.252,3.864
1545,UnitForm,Mound Transition,40,1.312,0.4,2.36,52.46,13.06,5.5,18.267,522.4,0.087,9.954
1545,UnitForm,Plane,14,8.139,2.905,12.702,113.95,46.686,21.9,73.004,653.6,0.188,5.736
1545,UnitForm,Saddle,1,5.48,5.48,NaN,5.48,19,19,NaN,19,0.009,3.467
1545,UnitForm,Trough,16,7.621,3,9.74,121.94,41.325,18.7,53.42,661.2,0.201,5.423
1545,UnitForm,Wall,17,3.313,2.59,2.805,56.32,21.082,18.6,15.373,358.4,0.093,6.363
1549,UnitForm,Bowl,11,2.8,2.17,3.165,30.8,9.982,7,7.679,109.8,0.055,3.565
1549,UnitForm,Bowl Transition,15,5.216,4.67,5.064,78.24,19.693,17.4,15.628,295.4,0.14,3.775
1549,UnitForm,Mound,12,6.056,4.555,6.1,72.67,22.817,20.7,15.628,273.8,0.13,3.768
1549,UnitForm,Mound Transition,39,1.146,0.54,1.623,44.69,10.918,6.2,12.55,425.8,0.08,9.527
1549,UnitForm,Plane,8,14.366,12.16,8.013,114.93,78.725,59.7,46.545,629.8,0.206,5.48
1549,UnitForm,Saddle,1,3.63,3.63,NaN,3.63,12.2,12.2,NaN,12.2,0.007,3.361
1549,UnitForm,Trough,5,24.888,3.25,48.092,124.44,114.32,16.4,217.246,571.6,0.223,4.593
1549,UnitForm,Wall,11,7.994,6.39,5.777,87.93,45.618,33.6,31.763,501.8,0.158,5.707
157,UnitForm,Bowl,11,1.718,1.08,1.416,18.9,6.764,5.2,3.549,74.4,0.04,3.937
157,UnitForm,Bowl Transition,12,5.241,4.71,3.563,62.89,19.767,17.1,14.845,237.2,0.134,3.772
157,UnitForm,Mound,14,8.564,6.31,7.942,119.89,27.757,22.2,19.874,388.6,0.256,3.241
157,UnitForm,Mound Transition,25,1.542,0.56,1.969,38.56,9.608,5.4,8.623,240.2,0.082,6.231
157,UnitForm,Plane,17,5.266,1.8,6.336,89.52,28.835,18,26.254,490.2,0.191,5.476
157,UnitForm,Saddle,3,2.993,3.44,1.242,8.98,9.333,10.4,2.203,28,0.019,3.118
157,UnitForm,Trough,13,6.983,3.68,8.22,90.78,32.123,15.2,30.944,417.6,0.194,4.6
157,UnitForm,Wall,12,3.178,2.1,3.291,38.13,27.017,21,23.388,324.2,0.082,8.501
1587,UnitForm,Bowl,14,8.791,5.935,7.724,123.07,15.4,14.2,8.087,215.6,0.036,1.752
1587,UnitForm,Bowl Transition,14,35.38,13.59,50.539,495.32,50.457,25.4,58.442,706.4,0.145,1.426
1587,UnitForm,Mound,17,38.99,4.53,55.405,662.83,57.541,24.6,57.156,978.2,0.194,1.476
1587,UnitForm,Mound Transition,24,12.491,4.015,17.457,299.78,47.867,18.3,57.785,1148.8,0.088,3.832
1587,UnitForm,Plane,4,174.56,84.665,240.623,698.24,336.9,164.9,456.483,1347.6,0.205,1.93
1587,UnitForm,Saddle,1,37.72,37.72,NaN,37.72,34.8,34.8,NaN,34.8,0.011,0.923
1587,UnitForm,Trough,3,247.663,285.79,184.695,742.99,416.667,489.8,327.875,1250,0.218,1.682
1587,UnitForm,Wall,13,26.944,17.7,26.713,350.27,80.4,57.8,74.614,1045.2,0.103,2.984
1596,UnitForm,Bowl,16,38.939,27.89,45.935,623.03,35.65,30,29.34,570.4,0.08,0.916
1596,UnitForm,Bowl Transition,13,62.875,70.38,66.547,817.38,82.369,59.8,71.178,1070.8,0.106,1.31
1596,UnitForm,Mound,14,107.646,36.08,120.3,1507.041,117.143,41.7,124.897,1640,0.195,1.088
1596,UnitForm,Mound Transition,47,13.386,0.39,30.757,629.16,40.234,5.6,77.111,1891,0.081,3.006
1596,UnitForm,Plane,10,136.932,12.88,258.168,1369.32,248.86,27.7,447.597,2488.6,0.177,1.817
1596,UnitForm,Saddle,3,153.093,66.82,194.364,459.28,87.467,49.8,89.273,262.4,0.059,0.571
1596,UnitForm,Trough,8,188.155,67.595,210.838,1505.241,265.45,119.5,274.491,2123.6,0.194,1.411
1596,UnitForm,Wall,17,49.044,24.17,50.758,833.74,97.365,55.6,91.423,1655.2,0.108,1.985
1602,UnitForm,Bowl,22,22.38,8.425,33.23,492.37,22.245,14.7,18.377,489.4,0.068,0.994
1602,UnitForm,Bowl Transition,13,65.616,25.5,89.092,853.01,79.677,56.4,77.173,1035.8,0.118,1.214
1602,UnitForm,Mound,21,69.84,34.12,80.928,1466.64,82.857,73.8,65.391,1740,0.202,1.186
1602,UnitForm,Mound Transition,32,20.341,1.215,40.725,650.92,70.425,11.8,123.57,2253.6,0.09,3.462
1602,UnitForm,Plane,5,294.508,65.68,538.594,1472.54,512.84,171.4,813.756,2564.2,0.203,1.741
1602,UnitForm,Saddle,1,10.94,10.94,NaN,10.94,18.4,18.4,NaN,18.4,0.002,1.682
1602,UnitForm,Trough,6,256.142,94.025,372.146,1536.85,348.633,156.5,398.447,2091.8,0.212,1.361
1602,UnitForm,Wall,17,45.265,18.07,50.954,769.51,100.482,51,106.294,1708.2,0.106,2.22
1621,UnitForm,Bowl,22,3.085,2.78,2.651,67.88,9.618,8.8,6.022,211.6,0.133,3.118
1621,UnitForm,Bowl Transition,10,3.223,2.06,3.791,32.23,16.42,9.8,14.8,164.2,0.063,5.095
1621,UnitForm,Mound,19,3.759,2.26,3.568,71.43,15.863,11.8,11.146,301.4,0.14,4.22
1621,UnitForm,Mound Transition,35,1.063,0.89,0.955,37.22,9.291,8.2,6.296,325.2,0.073,8.74
1621,UnitForm,Plane,17,4.899,2.46,7.617,83.28,29.082,17.6,38.474,494.4,0.164,5.936
1621,UnitForm,Saddle,3,8.507,6.11,4.458,25.52,17.8,16,4.386,53.4,0.05,2.092
1621,UnitForm,Trough,16,6.783,3.905,7.96,108.53,34.25,24.8,37.987,548,0.213,5.049
1621,UnitForm,Wall,17,4.861,2.24,5.944,82.63,29.176,14.6,32.465,496,0.162,6.002
1735,UnitForm,Bowl,30,5.726,4.225,5.743,171.79,12.507,11.8,5.965,375.2,0.082,2.184
1735,UnitForm,Bowl Transition,25,7.198,3.62,7.842,179.95,23.664,21.4,18.252,591.6,0.086,3.288
1735,UnitForm,Mound,24,20.19,11.135,21.245,484.57,36.742,24.7,29.169,881.799,0.232,1.82
1735,UnitForm,Mound Transition,45,3.866,1.66,4.944,173.95,25.373,13.6,27.257,1141.8,0.083,6.563
1735,UnitForm,Plane,15,23.682,10.6,42.277,355.231,104.72,76,140.639,1570.799,0.17,4.422
1735,UnitForm,Saddle,10,14.774,12.09,11.198,147.74,30.56,30.2,17.896,305.599,0.071,2.068
1735,UnitForm,Trough,21,18.486,6.66,24.84,388.2,67.419,32.4,67.76,1415.8,0.186,3.647
1735,UnitForm,Wall,16,11.602,5.1,18.382,185.63,54.287,27.5,75.649,868.599,0.089,4.679
1783,UnitForm,Bowl,12,32.551,16,51.079,390.609,29.667,24.7,22.479,356,0.039,0.911
1783,UnitForm,Bowl Transition,11,98.612,28.79,161.291,1084.732,89.018,42.2,129.499,979.2,0.109,0.903
1783,UnitForm,Mound,10,178.092,47.77,319.856,1780.922,129.4,46.9,171.134,1294,0.179,0.727
1783,UnitForm,Mound Transition,28,32.981,0.17,91.928,923.467,62.25,3.6,158.61,1743.001,0.093,1.887
1783,UnitForm,Plane,2,1012.597,1012.597,537.963,2025.194,1103.1,1103.1,604.01,2206.2,0.203,1.089
1783,UnitForm,Saddle,2,215.885,215.885,101.335,431.77,133.499,133.499,50.769,266.999,0.043,0.618
1783,UnitForm,Trough,4,503.202,298.895,613.495,2012.809,456.65,255.9,563.091,1826.599,0.202,0.907
1783,UnitForm,Wall,5,265.444,354.41,164.29,1327.22,331.44,418.4,157.659,1657.2,0.133,1.249
1793,UnitForm,Bowl,8,50.165,14.544,78.517,401.32,35.525,21.1,39.267,284.2,0.04,0.708
1793,UnitForm,Bowl Transition,8,162.62,112.585,175.131,1300.96,115.725,82.7,120.771,925.8,0.13,0.712
1793,UnitForm,Mound,17,82.693,59.92,74.465,1405.78,77.6,41.6,62.626,1319.2,0.141,0.938
1793,UnitForm,Mound Transition,22,37.224,2.785,81.078,818.931,75.064,26.2,107.818,1651.4,0.082,2.017
1793,UnitForm,Plane,8,249.976,18.675,646.876,1999.81,268.275,130.8,449.647,2146.201,0.2,1.073
1793,UnitForm,Saddle,3,148.877,144.37,84.5,446.63,108.866,82.8,76.124,326.599,0.045,0.731
1793,UnitForm,Trough,11,200.071,69.69,226.431,2200.78,155.527,130,136.962,1710.801,0.221,0.777
1793,UnitForm,Wall,4,351.058,324.075,282.996,1404.23,382.35,344.3,308.393,1529.4,0.141,1.089
1846,UnitForm,Bowl,12,141.184,10.86,202.818,1694.21,70.317,20.4,88.554,843.8,0.141,0.498
1846,UnitForm,Bowl Transition,5,53.39,12.4,76.886,266.95,60.68,40.8,60.048,303.4,0.022,1.137
1846,UnitForm,Mound,9,345.589,26.12,861.629,3110.302,183.467,58.8,379.538,1651.201,0.259,0.531
1846,UnitForm,Mound Transition,30,35.475,0.75,118.27,1064.245,74.127,9.1,186.125,2223.802,0.089,2.09
1846,UnitForm,Plane,6,324.282,171.747,385.012,1945.691,451.967,284,406.406,2711.8,0.162,1.394
1846,UnitForm,Saddle,5,223.142,173.55,226.482,1115.712,111.08,120.8,65.881,555.398,0.093,0.498
1846,UnitForm,Trough,8,255.815,336.685,195.84,2046.522,270.325,307.2,213.779,2162.6,0.171,1.057
1846,UnitForm,Wall,7,106.274,13.66,200.737,743.92,179.914,33,306.102,1259.399,0.062,1.693
1954,UnitForm,Bowl,36,10.697,3.675,15.539,385.08,20.694,10.8,23.443,745,0.116,1.935
1954,UnitForm,Bowl Transition,45,3.22,1.63,4.863,144.89,15.644,11.8,13.621,704,0.044,4.858
1954,UnitForm,Mound,59,16.31,6.11,27.998,962.271,38.668,20.6,55.878,2281.401,0.29,2.371
1954,UnitForm,Mound Transition,129,2.424,0.71,5.811,312.76,17.054,8.2,24.16,2200.001,0.094,7.035
1954,UnitForm,Plane,54,11.365,3.005,25.295,613.702,50.244,28,73.327,2713.2,0.185,4.421
1954,UnitForm,Saddle,6,15.377,6.625,22.678,92.26,26.7,14.9,27.208,160.2,0.028,1.736
1954,UnitForm,Trough,41,15.247,8.01,18.977,625.11,60.093,32,81.639,2463.8,0.188,3.941
1954,UnitForm,Wall,27,6.849,3.68,8.07,184.91,33.63,24.2,30.716,908.002,0.056,4.91
1967,UnitForm,Bowl,18,8.998,5.54,8.486,161.96,18.778,14.9,14.489,338,0.164,2.087
1967,UnitForm,Bowl Transition,12,0.879,0.605,1.043,10.55,8.25,5.5,8.62,99,0.011,9.386
1967,UnitForm,Mound,32,6.808,4.335,6.585,217.86,25.694,18.3,20.159,822.2,0.221,3.774
1967,UnitForm,Mound Transition,51,1.58,0.64,2.168,80.6,13.424,7.4,13.733,684.6,0.082,8.496
1967,UnitForm,Plane,19,9.882,5.45,12.648,187.76,53.642,30.8,57.539,1019.2,0.19,5.428
1967,UnitForm,Saddle,5,8.904,9.85,4.95,44.52,21.8,24.8,8.733,109,0.045,2.448
1967,UnitForm,Trough,17,10.705,5.66,13.86,181.99,45.694,26.4,43.083,776.8,0.184,4.268
1967,UnitForm,Wall,30,3.426,1.71,4.301,102.78,21.207,14,21.986,636.2,0.104,6.19
197,UnitForm,Bowl,17,4.335,3.32,3.937,73.69,10.059,10.2,4.351,171,0.075,2.32
197,UnitForm,Bowl Transition,33,3.443,2.26,3.863,113.61,13.024,10.4,11.529,429.8,0.115,3.783
197,UnitForm,Mound,28,6.649,4.13,6.982,186.17,19.371,15.9,13.536,542.4,0.188,2.913
197,UnitForm,Mound Transition,50,1.563,0.435,2.106,78.14,12.724,6.8,14.204,636.2,0.079,8.141
197,UnitForm,Plane,21,9.329,3.51,16.603,195.9,48.019,21.2,67.523,1008.4,0.198,5.147
197,UnitForm,Saddle,3,2.97,2.49,1.232,8.91,9.933,8.8,3.252,29.8,0.009,3.344
197,UnitForm,Trough,24,8.43,4.38,8.629,202.32,35.058,25.8,22.127,841.4,0.205,4.159
197,UnitForm,Wall,14,9.265,7.845,8.092,129.71,47.014,39.2,37.691,658.2,0.131,5.074
1971,UnitForm,Bowl,26,14.398,12.165,12.382,374.36,24.585,23.4,15.183,639.2,0.117,1.708
1971,UnitForm,Bowl Transition,24,5.665,1.44,8.075,135.96,24.85,14.9,24.361,596.399,0.042,4.387
1971,UnitForm,Mound,40,24.515,9.55,34.532,980.59,39.115,28.5,39.634,1564.6,0.306,1.596
1971,UnitForm,Mound Transition,77,4.01,0.94,8.862,308.75,24.67,8,46.42,1899.6,0.096,6.152
1971,UnitForm,Plane,8,80.498,30.01,144.063,643.98,315.325,68.9,582.066,2522.601,0.201,3.917
1971,UnitForm,Saddle,3,8.627,8.77,3.467,25.88,16.133,16.4,4.207,48.4,0.008,1.87
1971,UnitForm,Trough,16,36.882,22.62,38.601,590.11,124.575,79,123.894,1993.201,0.184,3.378
1971,UnitForm,Wall,17,8.62,3.9,9.57,146.54,36.906,23.8,29.841,627.4,0.046,4.281
2014,UnitForm,Bowl,23,5.497,5.63,4.224,126.42,14.426,14,8.134,331.8,0.148,2.624
2014,UnitForm,Bowl Transition,16,1.789,1.29,1.324,28.62,11.15,7.6,7.498,178.4,0.033,6.233
2014,UnitForm,Mound,33,5.787,2.15,7.545,190.97,18.121,11.8,19.514,598,0.223,3.131
2014,UnitForm,Mound Transition,52,1.385,0.5,1.965,72.04,12.527,6.8,13.936,651.4,0.084,9.045
2014,UnitForm,Plane,23,7.468,5.01,8.399,171.76,40.878,33.6,37.188,940.2,0.201,5.474
2014,UnitForm,Saddle,1,2.57,2.57,NaN,2.57,9.2,9.2,NaN,9.2,0.003,3.58
2014,UnitForm,Trough,11,16.169,5.59,21.286,177.86,78.709,30.2,92.223,865.8,0.208,4.868
2014,UnitForm,Wall,26,3.322,2.855,2.514,86.38,21.369,18.6,13.607,555.6,0.101,6.433
2019,UnitForm,Bowl,35,15.224,10.16,16.471,532.85,21.846,16.8,16.012,764.6,0.104,1.435
2019,UnitForm,Bowl Transition,30,14.027,5.56,15.974,420.8,35.867,18.4,31.992,1076,0.082,2.557
2019,UnitForm,Mound,55,20.096,2.3,44.819,1105.3,30.618,10.8,56.959,1684,0.216,1.524
2019,UnitForm,Mound Transition,66,6.041,1.375,13.261,398.68,30.091,11.9,51.763,1986,0.078,4.981
2019,UnitForm,Plane,23,40.805,4.88,113.618,938.51,124.357,24.4,270.254,2860.2,0.184,3.048
2019,UnitForm,Saddle,6,44.765,44.865,20.515,268.59,69.3,67.4,26.969,415.8,0.053,1.548
2019,UnitForm,Trough,16,64.757,20.19,97.182,1036.11,158.238,110.5,183.363,2531.8,0.203,2.444
2019,UnitForm,Wall,30,13.493,5.325,16.194,404.79,55.933,27.7,66.395,1678,0.079,4.145
2021,UnitForm,Bowl,12,14.105,12.27,10.205,169.26,23.867,23.5,12.926,286.4,0.146,1.692
2021,UnitForm,Bowl Transition,9,5.576,3.39,6.189,50.18,22.422,11.4,21.911,201.8,0.043,4.021
2021,UnitForm,Mound,20,8.15,3.715,11.197,163,29.87,18.9,25.521,597.4,0.141,3.665
2021,UnitForm,Mound Transition,29,3.322,1.3,6.314,96.34,21.593,8,30.224,626.2,0.083,6.5
2021,UnitForm,Plane,11,20.598,6.8,28.957,226.58,81.382,53.8,78.774,895.2,0.196,3.951
2021,UnitForm,Saddle,3,10.98,8.13,8.52,32.94,26.733,25.2,13.565,80.2,0.028,2.435
2021,UnitForm,Trough,10,23.531,10.115,33.802,235.31,77.46,50.5,80.765,774.6,0.203,3.292
2021,UnitForm,Wall,11,16.617,10.45,18.573,182.79,68.6,43.4,64.431,754.6,0.158,4.128
2026,UnitForm,Bowl,39,23.644,14.78,30.567,922.13,30.005,23.2,24.759,1170.2,0.138,1.269
2026,UnitForm,Bowl Transition,31,10.295,3.31,18.099,319.16,31.916,19,39.539,989.4,0.048,3.1
2026,UnitForm,Mound,52,26.907,8.39,43.686,1399.17,47.712,25,61.104,2481,0.209,1.773
2026,UnitForm,Mound Transition,82,7.029,1.64,14.73,576.37,35.605,15.7,49.31,2919.6,0.086,5.065
2026,UnitForm,Plane,18,70.792,13.53,151.381,1274.25,207.422,51.5,373.602,3733.6,0.191,2.93
2026,UnitForm,Saddle,6,26.572,24.36,22.963,159.43,41.3,41.3,28.537,247.8,0.024,1.554
2026,UnitForm,Trough,17,81.346,13.71,173.404,1382.89,192.235,57.4,364.291,3268,0.207,2.363
2026,UnitForm,Wall,30,21.846,8.975,29.657,655.38,65.973,24,82.179,1979.2,0.098,3.02
2027,UnitForm,Bowl,35,43.201,9.21,63.741,1512.05,33.303,16.4,33.627,1165.6,0.105,0.771
2027,UnitForm,Bowl Transition,17,64.634,37.44,88.479,1098.78,102.565,73.2,109.917,1743.6,0.077,1.587
2027,UnitForm,Mound,16,209.774,22.43,481.61,3356.39,149.538,46.6,270.626,2392.6,0.234,0.713
2027,UnitForm,Mound Transition,43,30.443,1.06,84.262,1309.06,77.005,12.2,157.887,3311.2,0.091,2.529
2027,UnitForm,Plane,3,974.733,22.04,1667.116,2924.2,1387.133,29.8,2369.354,4161.4,0.204,1.423
2027,UnitForm,Trough,5,596.676,525.47,740.158,2983.38,720.68,563.6,963.593,3603.4,0.208,1.208
2027,UnitForm,Wall,9,130.171,13.81,280.298,1171.54,257.044,31.2,484.474,2313.4,0.082,1.975
2028,UnitForm,Bowl,26,15.485,7.395,21.626,402.61,19.131,13.8,15.047,497.4,0.07,1.235
2028,UnitForm,Bowl Transition,22,32.348,7.805,49.716,711.65,46.7,18.7,58.064,1027.4,0.124,1.444
2028,UnitForm,Mound,21,50.967,20,74.231,1070.31,71.333,41.8,95.26,1498,0.186,1.4
2028,UnitForm,Mound Transition,29,16.942,7.44,24.605,491.33,65.193,36.4,92.565,1890.6,0.085,3.848
2028,UnitForm,Plane,2,594.685,594.685,830.985,1189.37,1267.4,1267.4,1772.01,2534.8,0.207,2.131
2028,UnitForm,Trough,7,182.129,113.63,220.828,1274.9,316.114,260.8,355.038,2212.8,0.222,1.736
2028,UnitForm,Wall,14,43.523,28.855,43.665,609.32,121.657,72.5,136.699,1703.2,0.106,2.795
2051,UnitForm,Bowl,24,6.94,4.65,7.163,166.56,13.967,11.3,10.737,335.2,0.144,2.013
2051,UnitForm,Bowl Transition,23,1.507,0.64,1.886,34.67,8.948,6.4,7.161,205.8,0.03,5.938
2051,UnitForm,Mound,39,5.731,1.65,8.684,223.5,15.867,10.6,18.781,618.8,0.193,2.769
2051,UnitForm,Mound Transition,53,1.542,0.89,1.598,81.74,13.026,9.6,10.907,690.4,0.071,8.447
2051,UnitForm,Plane,28,6.416,5.095,6.336,179.64,32.85,24.5,23.135,919.801,0.155,5.12
2051,UnitForm,Saddle,10,10.3,7.86,8.32,103,22.26,19.8,10.63,222.6,0.089,2.161
2051,UnitForm,Trough,23,9.674,5.6,11.624,222.51,39.252,26.6,38.349,902.801,0.193,4.057
2051,UnitForm,Wall,11,13.11,6.17,12.517,144.21,66.818,39.2,59.2,735,0.125,5.097
2056,UnitForm,Bowl,23,19.44,8.64,27.722,447.11,22.052,15.4,19.275,507.2,0.081,1.134
2056,UnitForm,Bowl Transition,13,48.646,16.691,62.989,632.401,74.877,42.6,74.537,973.401,0.114,1.539
2056,UnitForm,Mound,24,30.606,11.085,33.723,734.551,56.825,49.9,47.844,1363.8,0.133,1.857
2056,UnitForm,Mound Transition,34,13.333,2.015,24.488,453.311,49.524,17.9,86.066,1683.8,0.082,3.714
2056,UnitForm,Plane,3,382.55,6.3,655.42,1147.65,650.533,28.8,1087.282,1951.6,0.207,1.701
2056,UnitForm,Saddle,1,9.97,9.97,NaN,9.97,18.4,18.4,NaN,18.4,0.002,1.846
2056,UnitForm,Trough,4,310.175,147.38,440.981,1240.702,444.25,220,619.066,1777.001,0.224,1.432
2056,UnitForm,Wall,13,67.079,27.841,79.203,872.021,112.707,63.205,124.191,1465.197,0.157,1.68
2060,UnitForm,Bowl,19,9.022,7.23,6.753,171.42,15.126,13.4,5.776,287.4,0.024,1.677
2060,UnitForm,Bowl Transition,13,91.559,52.86,91.707,1190.261,92.215,58.6,77.516,1198.8,0.166,1.007
2060,UnitForm,Mound,17,73.576,32.63,93.139,1250.79,112.329,60.8,123.588,1909.601,0.175,1.527
2060,UnitForm,Mound Transition,14,46.066,11.005,72.334,644.92,150.714,60.5,188.385,2110.001,0.09,3.272
2060,UnitForm,Plane,3,485.34,4.07,834.485,1456.021,748.533,9.4,1281.256,2245.6,0.204,1.542
2060,UnitForm,Saddle,1,24.48,24.48,NaN,24.48,29.6,29.6,NaN,29.6,0.003,1.209
2060,UnitForm,Trough,4,387.647,270.665,438.652,1550.59,526.35,438.7,513.189,2105.4,0.217,1.358
2060,UnitForm,Wall,3,288.303,415.93,246.124,864.91,685.2,1012.6,575.059,2055.6,0.121,2.377
2061,UnitForm,Bowl,22,18.675,15.635,18.684,410.85,23.373,20.1,16.975,514.2,0.17,1.252
2061,UnitForm,Bowl Transition,3,3.553,3.23,1.005,10.66,15.533,13.4,5.707,46.6,0.004,4.372
2061,UnitForm,Mound,41,13.692,6.34,16.767,561.37,27.312,25.4,25.939,1119.8,0.233,1.995
2061,UnitForm,Mound Transition,46,4.575,1.565,7.129,210.47,25.648,12.1,34.238,1179.8,0.087,5.606
2061,UnitForm,Plane,14,28.841,9.485,38.111,403.78,101.743,43.3,113.132,1424.4,0.167,3.528
2061,UnitForm,Saddle,8,16.859,6.08,22.508,134.87,29.975,15.3,31.507,239.8,0.056,1.778
2061,UnitForm,Trough,21,21.975,8.29,29.653,461.47,59.371,32,60.232,1246.8,0.191,2.702
2061,UnitForm,Wall,18,12.081,7.29,11.843,217.45,54.933,34.8,45.026,988.8,0.09,4.547
2065,UnitForm,Bowl,14,10.376,4.265,11.211,145.27,14.271,12.1,6.944,199.8,0.047,1.375
2065,UnitForm,Bowl Transition,12,26.712,10.305,36.495,320.54,44.133,31.4,46.887,529.6,0.103,1.652
2065,UnitForm,Mound,13,53.695,23.5,53.128,698.03,82.6,62,62.246,1073.8,0.225,1.538
2065,UnitForm,Mound Transition,13,24.216,3.77,46.49,314.81,98.954,35,154.934,1286.4,0.101,4.086
2065,UnitForm,Plane,6,98.445,20.265,138.12,590.67,235.967,45.8,327.586,1415.8,0.19,2.397
2065,UnitForm,Saddle,3,33.913,14.83,38.376,101.74,33.067,21.6,25.604,99.2,0.033,0.975
2065,UnitForm,Trough,11,51.153,14.53,62.482,562.68,107.964,56.2,122.22,1187.6,0.181,2.111
2065,UnitForm,Wall,8,46.362,19.365,62.729,370.9,125.425,63.5,143.522,1003.4,0.119,2.705
2133,UnitForm,Bowl,17,4.098,3.53,2.853,69.66,12.929,11.8,6.445,219.8,0.156,3.155
2133,UnitForm,Bowl Transition,11,0.995,0.9,0.882,10.95,8.545,7.4,5.573,94,0.024,8.588
2133,UnitForm,Mound,42,2.658,0.065,5.4,111.63,9.581,1.3,15.43,402.4,0.25,3.605
2133,UnitForm,Mound Transition,40,0.936,0.33,1.799,37.46,8.71,4.8,10.215,348.4,0.084,9.306
2133,UnitForm,Plane,20,3.153,1.47,4.233,63.06,22.92,13.4,22.986,458.4,0.141,7.269
2133,UnitForm,Saddle,8,6.15,6.335,3.36,49.2,16.225,18.2,6.636,129.8,0.11,2.638
2133,UnitForm,Trough,14,4.971,5.015,3.631,69.6,32.271,34.3,19.922,451.8,0.156,6.492
2133,UnitForm,Wall,16,2.213,1.645,1.836,35.41,17.638,15.5,12.276,282.2,0.079,7.97
2140,UnitForm,Bowl,61,20.646,8.22,30.644,1259.41,26.984,17.6,24.524,1646,0.137,1.307
2140,UnitForm,Bowl Transition,31,6.272,1.91,8.908,194.42,23.471,12.2,27.499,727.6,0.021,3.742
2140,UnitForm,Mound,88,27.265,2.88,58.81,2399.29,37.577,14.1,64.209,3306.8,0.261,1.378
2140,UnitForm,Mound Transition,120,7.367,0.845,20.905,883.99,31.368,8.8,63.815,3764.2,0.096,4.258
2140,UnitForm,Plane,58,28.654,5.49,74.051,1661.95,82.4,34.3,127.569,4779.2,0.181,2.876
2140,UnitForm,Saddle,24,21.125,16.76,23.02,506.99,35.875,29.9,26.499,861,0.055,1.698
2140,UnitForm,Trough,41,38.989,17.52,58.902,1598.53,106.107,46.2,122.834,4350.4,0.174,2.721
2140,UnitForm,Wall,36,19.063,10.18,22.69,686.27,80.361,40.6,95.917,2893,0.075,4.216
2141,UnitForm,Bowl,10,5.143,3.29,5.65,51.43,11.4,9.5,7.863,114,0.054,2.217
2141,UnitForm,Bowl Transition,14,7.046,3.99,7.644,98.64,22.314,14.9,19.23,312.4,0.103,3.167
2141,UnitForm,Mound,21,9.58,6.99,9.358,201.17,26.019,23,19.155,546.4,0.21,2.716
2141,UnitForm,Mound Transition,26,3.524,1.98,3.738,91.63,23.977,20.8,19.684,623.4,0.096,6.804
2141,UnitForm,Plane,8,22.696,9.61,31.134,181.57,97.025,55.1,116.806,776.2,0.19,4.275
2141,UnitForm,Saddle,2,22.04,22.04,16.744,44.08,40.2,40.2,26.87,80.4,0.046,1.824
2141,UnitForm,Trough,5,34.552,23.72,25.544,172.76,129.04,87.4,68.042,645.2,0.181,3.735
2141,UnitForm,Wall,15,7.637,3.7,9.757,114.55,34.653,15.4,46.851,519.8,0.12,4.538
2145,UnitForm,Bowl,21,1.97,1.58,1.314,41.37,7.048,6,2.785,148,0.028,3.578
2145,UnitForm,Bowl Transition,24,8.609,4.82,14.189,206.61,22.725,14.1,27.258,545.4,0.141,2.64
2145,UnitForm,Mound,44,6.673,2.825,11.948,293.61,20.282,11,24.549,892.4,0.201,3.039
2145,UnitForm,Mound Transition,58,2.173,1.13,2.441,126.04,18.552,13.7,17.558,1076,0.086,8.538
2145,UnitForm,Plane,9,30.743,18.51,32.639,276.69,147.422,91,137.097,1326.8,0.189,4.795
2145,UnitForm,Saddle,5,14.772,17.34,7.893,73.86,30.12,36,12.553,150.6,0.051,2.039
2145,UnitForm,Trough,17,16.341,8.23,19.62,277.8,68.247,42.8,84.423,1160.2,0.19,4.176
2145,UnitForm,Wall,15,10.974,7.99,8.567,164.61,61.613,41.4,43.228,924.2,0.113,5.614
2153,UnitForm,Bowl,21,19.385,11.18,35.114,407.08,20.4,17.8,18.465,428.4,0.042,1.052
2153,UnitForm,Bowl Transition,13,90.73,34.12,130.416,1179.49,78.092,55,91.234,1015.2,0.121,0.861
2153,UnitForm,Mound,21,94.853,18.54,170.094,1991.91,89.6,46.8,118.533,1881.6,0.205,0.945
2153,UnitForm,Mound Transition,27,29.716,2.89,65.428,802.34,82.704,14.6,141.773,2233,0.083,2.783
2153,UnitForm,Plane,7,232.046,88.09,431.074,1624.32,343.6,185.6,507.064,2405.2,0.167,1.481
2153,UnitForm,Saddle,4,211.037,201.12,219.639,844.15,130.15,135.1,120.332,520.6,0.087,0.617
2153,UnitForm,Trough,9,201.086,55.83,248.566,1809.77,244.511,77.8,275.941,2200.6,0.186,1.216
2153,UnitForm,Wall,11,95.56,44.07,123.093,1051.16,158.6,85.2,188.814,1744.6,0.108,1.66
22,UnitForm,Bowl,23,2.446,1.55,2.75,56.25,8.757,7.2,6.056,201.4,0.103,3.58
22,UnitForm,Bowl Transition,23,2.367,0.84,3.933,54.45,12.357,6.8,16.877,284.2,0.099,5.221
22,UnitForm,Mound,35,3.147,2.08,3.796,110.14,12.989,11.6,12.907,454.6,0.201,4.127
22,UnitForm,Mound Transition,37,1.048,0.36,1.474,38.78,10.254,5.6,10.853,379.4,0.071,9.784
22,UnitForm,Plane,20,4.83,2.13,6.055,96.6,26.39,18.3,20.979,527.8,0.176,5.464
22,UnitForm,Saddle,3,7.067,7.59,3.653,21.2,16.533,16.8,6.804,49.6,0.039,2.339
22,UnitForm,Trough,20,5.554,1.74,8.431,111.08,28.86,16.3,32.48,577.2,0.203,5.196
22,UnitForm,Wall,21,2.817,2.32,1.884,59.16,21.505,17.8,13.248,451.6,0.108,7.634
2205,UnitForm,Bowl,10,4.135,3.64,3.49,41.35,12.62,13.6,6.787,126.2,0.071,3.052
2205,UnitForm,Bowl Transition,14,4.531,2.745,3.859,63.43,17.386,13.4,11.745,243.4,0.109,3.837
2205,UnitForm,Mound,34,3.619,0.025,6.437,123.03,11.241,0.7,17.978,382.2,0.211,3.106
2205,UnitForm,Mound Transition,23,1.996,0.46,3.316,45.9,16.157,6.2,20.04,371.6,0.079,8.095
2205,UnitForm,Plane,12,9.718,5.86,12.469,116.62,47.65,29.9,48.143,571.8,0.2,4.903
2205,UnitForm,Saddle,3,7.373,9.3,4.94,22.12,15.933,19.8,7.223,47.8,0.038,2.161
2205,UnitForm,Trough,6,18.648,11.425,23.876,111.89,81.067,55.6,86.27,486.4,0.192,4.347
2205,UnitForm,Wall,13,4.51,3.05,2.829,58.63,27.6,22.8,16.641,358.8,0.101,6.12
2262,UnitForm,Bowl,13,25.525,5.62,35.172,331.82,29.062,10.8,30.329,377.8,0.097,1.139
2262,UnitForm,Bowl Transition,10,18.669,7.95,22.486,186.69,46.96,33.3,41.892,469.6,0.055,2.515
2262,UnitForm,Mound,17,48.176,14.93,60.241,818.99,63.388,30.4,55.655,1077.6,0.24,1.316
2262,UnitForm,Mound Transition,43,6.86,0.52,18.592,294.97,27.144,6.4,50.553,1167.2,0.086,3.957
2262,UnitForm,Plane,14,37.782,32.08,27.4,528.95,107.343,105.6,48.249,1502.8,0.155,2.841
2262,UnitForm,Saddle,5,101.366,51.05,95.26,506.83,76.48,62.8,46.349,382.4,0.149,0.754
2262,UnitForm,Trough,10,48.965,38.73,44.977,489.65,122.94,95.3,99.345,1229.4,0.144,2.511
2262,UnitForm,Wall,7,36.093,17.36,45.544,252.65,115.857,47.4,146.214,811,0.074,3.21
2265,UnitForm,Bowl,17,21.169,11.05,25.192,359.87,26.847,18.2,21.319,456.4,0.061,1.268
2265,UnitForm,Bowl Transition,13,48.337,12.64,79.72,628.38,75.831,32,103.439,985.8,0.107,1.569
2265,UnitForm,Mound,17,77.798,37.37,88.272,1322.56,84.376,76.2,62.392,1434.4,0.224,1.085
2265,UnitForm,Mound Transition,61,7.531,0.36,25.15,459.38,25.505,5.2,66.239,1555.8,0.078,3.387
2265,UnitForm,Plane,13,81.411,18.33,134.767,1058.34,144.431,49.2,220.235,1877.6,0.18,1.774
2265,UnitForm,Saddle,6,72.945,44.425,70.314,437.67,51.2,41.5,31.935,307.2,0.074,0.702
2265,UnitForm,Trough,11,97.585,17.37,178.318,1073.44,153,56,244.82,1683,0.182,1.568
2265,UnitForm,Wall,20,27.782,10.895,36.742,555.65,62.05,38.9,67.674,1241,0.094,2.233
2271,UnitForm,Bowl,9,1.053,0.93,0.537,9.48,5.556,4.8,2.104,50,0.014,5.276
2271,UnitForm,Bowl Transition,34,3.838,2.98,3.778,130.49,13.612,10.6,10.334,462.8,0.186,3.547
2271,UnitForm,Mound,111,1.59,0.02,2.914,176.44,7.31,0.6,11.358,811.4,0.251,4.597
2271,UnitForm,Mound Transition,66,0.853,0.46,1.268,56.31,7.709,4.6,8.934,508.8,0.08,9.038
2271,UnitForm,Plane,42,3.305,1.51,3.777,138.82,18.871,11.3,16.554,792.6,0.198,5.71
2271,UnitForm,Saddle,2,2.15,2.15,1.344,4.3,9,9,3.394,18,0.006,4.186
2271,UnitForm,Trough,41,3.737,2.85,3.266,153.22,19.78,15.4,15.004,811,0.218,5.293
2271,UnitForm,Wall,26,1.263,1.215,0.536,32.85,10.215,9.3,3.599,265.6,0.047,8.088
2288,UnitForm,Bowl,11,10.077,7.62,10.781,110.85,22.709,16.8,18.149,249.8,0.106,2.254
2288,UnitForm,Bowl Transition,11,5.282,1.24,6.665,58.1,25.255,12.6,29.653,277.8,0.056,4.781
2288,UnitForm,Mound,18,14.457,6.875,16.891,260.23,33.589,24.7,28.492,604.6,0.25,2.323
2288,UnitForm,Mound Transition,28,3.739,1.055,8.028,104.69,22.664,10,29.657,634.6,0.101,6.062
2288,UnitForm,Plane,13,14.515,8.35,22.628,188.7,63.846,57.6,68.78,830,0.181,4.399
2288,UnitForm,Saddle,3,12.123,14.53,6.664,36.37,29.067,32.6,12.287,87.2,0.035,2.398
2288,UnitForm,Trough,7,25.89,8.82,33.615,181.23,108.8,54.2,140.326,761.6,0.174,4.202
2288,UnitForm,Wall,13,7.809,7.09,4.576,101.52,28.246,26,15.121,367.2,0.097,3.617
2338,UnitForm,Bowl,19,2.617,1.57,2.523,49.73,9.305,6.8,6.378,176.8,0.1,3.556
2338,UnitForm,Bowl Transition,19,1.895,0.87,2.12,36,11.758,8.4,9.532,223.4,0.072,6.205
2338,UnitForm,Mound,23,3.882,2.4,3.628,89.28,17.557,16,13.101,403.8,0.18,4.523
2338,UnitForm,Mound Transition,46,0.956,0.45,1.155,43.97,11.074,6.1,12.073,509.4,0.089,11.584
2338,UnitForm,Plane,11,8.604,4.39,10.853,94.64,59.091,37,62.349,650,0.191,6.868
2338,UnitForm,Saddle,2,10.295,10.295,1.718,20.59,24.2,24.2,3.96,48.4,0.041,2.351
2338,UnitForm,Trough,6,15.295,15.7,10.398,91.77,94.667,92.4,67.745,568,0.185,6.189
2338,UnitForm,Wall,21,3.365,2.14,2.317,70.66,22.438,18.8,14.581,471.2,0.142,6.668
2435,UnitForm,Bowl,20,5.074,2.59,6.641,101.48,11.73,8.6,9.935,234.6,0.109,2.312
2435,UnitForm,Bowl Transition,17,3.743,1.59,4.927,63.63,16.871,13.2,14.459,286.8,0.069,4.507
2435,UnitForm,Mound,22,7.643,2.49,10.582,168.15,23.382,12.7,22.454,514.4,0.181,3.059
2435,UnitForm,Mound Transition,31,2.293,0.87,3.478,71.09,17.329,10.4,20.503,537.2,0.077,7.557
2435,UnitForm,Plane,7,24.903,5.31,46.641,174.32,109.371,48.6,166.899,765.6,0.188,4.392
2435,UnitForm,Saddle,3,18.913,9.96,18.476,56.74,28.067,21,17.505,84.2,0.061,1.484
2435,UnitForm,Trough,8,22.859,22.655,16.655,182.87,93.275,101.9,58.552,746.2,0.197,4.08
2435,UnitForm,Wall,15,7.291,3.99,10.809,109.37,33.493,19.8,46.952,502.4,0.118,4.594
2441,UnitForm,Bowl,34,21.635,6.535,41.939,735.58,32.406,17.7,43.327,1101.799,0.136,1.498
2441,UnitForm,Bowl Transition,18,8.627,2.48,9.9,155.28,40.989,18.8,39.622,737.8,0.029,4.751
2441,UnitForm,Mound,44,25.202,5.325,48.834,1108.88,43.195,22.4,50.051,1900.6,0.206,1.714
2441,UnitForm,Mound Transition,94,4.738,0.78,13.579,445.41,20.732,8.3,32.372,1948.799,0.083,4.376
2441,UnitForm,Plane,42,21.061,3.865,64.345,884.55,69.938,37.7,75.94,2937.399,0.164,3.321
2441,UnitForm,Saddle,12,31.927,18.355,57.832,383.12,34.85,30.4,25.929,418.197,0.071,1.092
2441,UnitForm,Trough,22,46.284,13.165,82.662,1018.241,134.445,62,159.529,2957.801,0.189,2.905
2441,UnitForm,Wall,23,28.888,13.5,33.42,664.42,102.696,59,106.91,2362.001,0.123,3.555
2447,UnitForm,Bowl,22,65.041,22.02,90.955,1430.9,49.209,35.5,45.142,1082.6,0.126,0.757
2447,UnitForm,Bowl Transition,25,27.272,13.94,33.509,681.8,56.792,48.2,53.524,1419.8,0.06,2.082
2447,UnitForm,Mound,30,76.412,12.415,158.117,2292.36,80.32,32.1,129.446,2409.601,0.202,1.051
2447,UnitForm,Mound Transition,42,20.316,1.25,58.855,853.27,59.833,10.9,140.295,2513,0.075,2.945
2447,UnitForm,Plane,18,102.43,9.085,305.423,1843.74,206.311,52.3,501.897,3713.6,0.163,2.014
2447,UnitForm,Saddle,5,207.774,145.93,244.171,1038.871,108.36,94.8,80.842,541.801,0.092,0.522
2447,UnitForm,Trough,15,145.594,75.53,214.931,2183.91,226.187,111,294.405,3392.8,0.193,1.554
2447,UnitForm,Wall,15,67.885,24.1,101.345,1018.27,145.027,47.2,194.404,2175.4,0.09,2.136
2458,UnitForm,Bowl,21,1.598,1.31,1.008,33.55,6.924,5.8,3.259,145.4,0.079,4.333
2458,UnitForm,Bowl Transition,26,1.758,1.1,2.147,45.71,10.115,7.1,9.607,263,0.108,5.754
2458,UnitForm,Mound,30,2.903,1.835,3.226,87.08,15.733,11.5,14.441,472,0.205,5.42
2458,UnitForm,Mound Transition,46,0.698,0.345,0.85,32.1,8.317,4.6,7.405,382.6,0.076,11.915
2458,UnitForm,Plane,29,2.948,1.56,2.958,85.5,21.262,15.4,17.827,616.6,0.201,7.212
2458,UnitForm,Saddle,2,1.97,1.97,1.414,3.94,8,8,4.525,16,0.009,4.061
2458,UnitForm,Trough,22,3.886,2.19,4.456,85.49,24.464,15.8,23.708,538.2,0.201,6.295
2458,UnitForm,Wall,24,2.151,1.84,1.383,51.63,15.075,13.1,7.716,361.8,0.121,7.008
2459,UnitForm,Bowl,16,19.822,10.635,23.103,317.15,19.9,17.3,10.872,318.4,0.044,1.004
2459,UnitForm,Bowl Transition,9,110.903,33.459,154.249,998.13,98.356,36.4,129.164,885.2,0.138,0.887
2459,UnitForm,Mound,12,110.593,30.775,170.041,1327.11,129.117,68.6,145.939,1549.4,0.184,1.167
2459,UnitForm,Mound Transition,8,81.185,22.19,107.232,649.48,196.7,82.4,212.26,1573.6,0.09,2.423
2459,UnitForm,Plane,3,485.637,69.21,774.585,1456.91,568.2,165.4,832.78,1704.599,0.202,1.17
2459,UnitForm,Saddle,1,159.53,159.53,NaN,159.53,87.8,87.8,NaN,87.8,0.022,0.55
2459,UnitForm,Trough,4,375.06,226.75,455.11,1500.241,371.15,259.4,409.133,1484.6,0.208,0.99
2459,UnitForm,Wall,7,116.534,31.55,181.912,815.74,203.514,50.2,293.219,1424.599,0.113,1.746
2484,UnitForm,Bowl,18,15.215,9.45,17.958,273.87,23.789,22.4,18.329,428.2,0.079,1.564
2484,UnitForm,Bowl Transition,30,10.005,1.615,16.409,300.15,30.5,10.2,39.743,915,0.087,3.048
2484,UnitForm,Mound,45,20.148,11.59,23.115,906.68,34.796,22,32.498,1565.8,0.263,1.727
2484,UnitForm,Mound Transition,61,4.86,1.45,9.553,296.46,27.767,13.2,37.33,1693.8,0.086,5.713
2484,UnitForm,Plane,13,47.694,5.55,98.674,620.02,171.523,33.8,334.939,2229.8,0.18,3.596
2484,UnitForm,Saddle,4,57.625,56.165,52.779,230.5,46.8,43.8,33.396,187.2,0.067,0.812
2484,UnitForm,Trough,19,34.345,14.62,47.007,652.55,106.968,53,147.168,2032.4,0.189,3.115
2484,UnitForm,Wall,22,7.586,5.34,9.773,166.89,35.891,27.9,47.095,789.6,0.048,4.731
2499,UnitForm,Bowl,15,36.457,23.9,36.414,546.85,29.107,24.4,15.729,436.6,0.074,0.798
2499,UnitForm,Bowl Transition,12,64.474,41.77,69.781,773.69,72.817,43.7,67.284,873.801,0.104,1.129
2499,UnitForm,Mound,16,78.161,23.38,122.512,1250.582,99.513,59.2,105.847,1592.201,0.168,1.273
2499,UnitForm,Mound Transition,5,134.964,31.19,183.509,674.822,346.32,92.6,418.952,1731.601,0.091,2.566
2499,UnitForm,Plane,2,739.982,739.982,969.178,1479.964,872.1,872.1,1093.611,1744.201,0.199,1.179
2499,UnitForm,Saddle,1,189.79,189.79,NaN,189.79,124.8,124.8,NaN,124.8,0.026,0.658
2499,UnitForm,Trough,5,303.954,269.171,242.269,1519.771,329.4,351.4,225.567,1647.001,0.205,1.084
2499,UnitForm,Wall,10,99.483,35.25,176.045,994.831,147.72,67.2,240.078,1477.201,0.134,1.485
2546,UnitForm,Bowl,6,503.448,309.495,514.052,3020.69,170.467,119.4,154.073,1022.8,0.125,0.339
2546,UnitForm,Bowl Transition,7,74.877,4.22,131.351,524.14,101.857,44.6,120.26,713,0.022,1.36
2546,UnitForm,Mound,6,1121.52,204.22,1709.203,6729.121,388.967,266.2,363.284,2333.8,0.279,0.347
2546,UnitForm,Mound Transition,9,264.982,0.19,704.933,2384.84,302.556,4,664.462,2723,0.099,1.142
2546,UnitForm,Plane,4,1191.003,845.94,762.587,4764.01,885.999,787.9,482.674,3543.995,0.198,0.744
2546,UnitForm,Saddle,3,457.323,230.54,463.892,1371.97,258.267,151.6,189.448,774.8,0.057,0.565
2546,UnitForm,Trough,6,663.25,216.025,813.046,3979.499,494.933,457.4,364.214,2969.6,0.165,0.746
2546,UnitForm,Wall,5,260.358,24.68,358.413,1301.79,335.721,80.8,439.664,1678.603,0.054,1.289
2556,UnitForm,Bowl,19,81.21,49.84,80.356,1542.981,56.389,38.8,45.475,1071.4,0.135,0.694
2556,UnitForm,Bowl Transition,12,27.349,11.495,41.41,328.191,53.4,28.2,62.978,640.8,0.029,1.953
2556,UnitForm,Mound,27,105.924,67.29,126.691,2859.953,83.97,62.6,72.94,2267.201,0.25,0.793
2556,UnitForm,Mound Transition,73,13.949,1.24,34.527,1018.301,45.134,10.6,73.672,3294.801,0.089,3.236
2556,UnitForm,Plane,12,169.882,71.865,290.373,2038.581,342.8,172.1,488.631,4113.601,0.178,2.018
2556,UnitForm,Saddle,11,72.517,72.25,46.27,797.69,68.018,68.8,34.347,748.2,0.07,0.938
2556,UnitForm,Trough,17,116.224,65.891,133.322,1975.803,186.859,62.4,214.302,3176.601,0.172,1.608
2556,UnitForm,Wall,26,34.444,15.07,39.385,895.531,91.154,48.5,87.052,2370.002,0.078,2.646
2563,UnitForm,Bowl,5,32.194,37.24,28.23,160.97,41.84,40.6,30.1,209.2,0.115,1.3
2563,UnitForm,Bowl Transition,6,11.565,6.84,12.481,69.39,34.833,29.5,31.773,209,0.049,3.012
2563,UnitForm,Mound,7,50.796,11.25,80.901,355.57,54.171,32.2,61.944,379.2,0.253,1.066
2563,UnitForm,Mound Transition,14,8.227,3.045,10.21,115.18,32.343,18.9,41.041,452.8,0.082,3.931
2563,UnitForm,Plane,7,37.34,35.92,25.372,261.38,113.629,88,94.286,795.4,0.186,3.043
2563,UnitForm,Saddle,2,44.975,44.975,36.847,89.95,49.1,49.1,34.083,98.2,0.064,1.092
2563,UnitForm,Trough,4,64.442,4.255,121.421,257.77,153.05,29.8,261.862,612.2,0.184,2.375
2563,UnitForm,Wall,3,30.877,27.19,17.887,92.63,138,131.4,62.761,414,0.066,4.469
2668,UnitForm,Bowl,15,149.758,71.35,185.247,2246.37,67.88,61.6,61.755,1018.2,0.133,0.453
2668,UnitForm,Bowl Transition,10,90.815,16.96,152.299,908.15,110.5,43.4,162.496,1105,0.054,1.217
2668,UnitForm,Mound,27,112.603,36.76,176.517,3040.28,105.326,65.4,113.208,2843.8,0.18,0.935
2668,UnitForm,Mound Transition,32,46.163,0.57,112.184,1477.23,109.294,10.2,234.735,3497.4,0.088,2.368
2668,UnitForm,Plane,4,852.42,31.62,1660.46,3409.68,939.55,86.5,1757.472,3758.2,0.202,1.102
2668,UnitForm,Saddle,2,137.83,137.83,49.766,275.66,124.3,124.3,77.923,248.6,0.016,0.902
2668,UnitForm,Trough,9,400.407,11.82,760.371,3603.66,360.733,21.2,696.574,3246.6,0.214,0.901
2668,UnitForm,Wall,13,146.598,40.66,190.038,1905.77,204.169,101.8,257.184,2654.2,0.113,1.393
2696,UnitForm,Bowl,19,23.026,11.44,31.802,437.49,26.979,21.2,19.773,512.6,0.09,1.172
2696,UnitForm,Bowl Transition,17,17.992,10.25,22.972,305.87,47.659,33,63.162,810.2,0.063,2.649
2696,UnitForm,Mound,25,39.036,20.51,54.86,975.9,57,44,49.154,1425,0.201,1.46
2696,UnitForm,Mound Transition,28,15.837,4.355,30.052,443.44,60.45,27.8,91.424,1692.6,0.092,3.817
2696,UnitForm,Plane,13,73.243,25.18,88.404,952.16,156.969,68.6,166.565,2040.6,0.197,2.143
2696,UnitForm,Saddle,2,151.375,151.375,76.884,302.75,117.9,117.9,24.183,235.8,0.062,0.779
2696,UnitForm,Trough,5,175.748,126,234.551,878.74,326.4,279.6,319.38,1632,0.181,1.857
2696,UnitForm,Wall,13,42.207,27.41,34.434,548.69,132.323,120.6,98.818,1720.2,0.113,3.135
2769,UnitForm,Bowl,25,3.899,2.72,3.91,97.48,12.976,12,9.775,324.4,0.122,3.328
2769,UnitForm,Bowl Transition,17,3.496,1.64,5.255,59.44,21.965,8.6,29.319,373.4,0.074,6.283
2769,UnitForm,Mound,19,6.992,4.63,6.983,132.84,32.768,23,27.765,622.6,0.166,4.686
2769,UnitForm,Mound Transition,42,1.319,0.59,1.809,55.4,13.21,6.2,14.804,554.8,0.069,10.015
2769,UnitForm,Plane,24,5.535,2.59,6.518,132.84,36.367,22.4,37.757,872.8,0.166,6.57
2769,UnitForm,Saddle,3,20.587,16.72,15.496,61.76,36.267,29.6,22.165,108.8,0.077,1.762
2769,UnitForm,Trough,11,14.032,3.57,20.122,154.35,75.418,34.6,102.889,829.6,0.193,5.375
2769,UnitForm,Wall,29,3.584,2,3.985,103.94,23.697,15.8,22.918,687.2,0.13,6.612
2771,UnitForm,Bowl,11,7.188,3.56,7.239,79.07,17.8,12.8,13.368,195.8,0.14,2.476
2771,UnitForm,Bowl Transition,10,2.874,2.09,2.979,28.74,13.1,12.6,9.786,131,0.051,4.558
2771,UnitForm,Mound,15,5.844,4.54,4.812,87.66,28.453,20.4,20.176,426.8,0.156,4.869
2771,UnitForm,Mound Transition,30,1.196,0.635,1.426,35.88,13.827,8.2,13.287,414.8,0.064,11.561
2771,UnitForm,Plane,5,23.256,18.67,21.184,116.281,142.8,120.4,114.438,714,0.206,6.14
2771,UnitForm,Saddle,3,11.813,11,9.227,35.44,25.733,20.6,18.056,77.2,0.063,2.178
2771,UnitForm,Trough,12,8.098,2.015,13.048,97.17,41.15,21.2,48.625,493.8,0.172,5.082
2771,UnitForm,Wall,19,4.376,2.97,3.271,83.14,23.379,21.2,14.477,444.2,0.148,5.343
2785,UnitForm,Bowl,26,8.739,5.09,9.998,227.22,18.569,12.8,14.651,482.8,0.139,2.125
2785,UnitForm,Bowl Transition,11,3.16,1.19,3.321,34.76,22.273,12.4,20.392,245,0.021,7.048
2785,UnitForm,Mound,29,15.057,8.14,19.517,436.64,36.986,23.8,35.554,1072.6,0.266,2.456
2785,UnitForm,Mound Transition,64,2.466,0.94,3.784,157.85,17.944,10.3,19.34,1148.4,0.096,7.277
2785,UnitForm,Plane,16,20.614,10.2,25.359,329.83,91.212,39.3,118.427,1459.4,0.201,4.425
2785,UnitForm,Saddle,6,7.71,7.915,1.138,46.26,19.033,19,2.664,114.2,0.028,2.469
2785,UnitForm,Trough,15,19.66,6.93,25.505,294.9,78.52,29.2,105.4,1177.8,0.18,3.994
2785,UnitForm,Wall,16,7.055,5.435,6.744,112.88,35.825,32.4,25.111,573.2,0.069,5.078
2790,UnitForm,Bowl,32,4.004,2.205,3.907,128.12,12.15,8.9,7.928,388.8,0.133,3.034
2790,UnitForm,Bowl Transition,23,1.837,1.3,2.083,42.25,12.609,9.2,12.131,290,0.044,6.864
2790,UnitForm,Mound,26,6.689,2.88,9.496,173.91,30.415,20.2,31.684,790.8,0.181,4.547
2790,UnitForm,Mound Transition,49,1.568,0.57,3.664,76.83,16.127,8.6,26.565,790.2,0.08,10.285
2790,UnitForm,Plane,10,19.779,8.86,36.579,197.79,121.72,66,177.273,1217.2,0.206,6.154
2790,UnitForm,Saddle,5,5.116,4.65,3.152,25.58,15.24,14.8,7.367,76.2,0.027,2.979
2790,UnitForm,Trough,20,9.289,2.57,12.102,185.78,50.16,20.2,54.669,1003.2,0.194,5.4
2790,UnitForm,Wall,18,7.206,5.535,5.604,129.71,41.656,29.9,31.109,749.8,0.135,5.781
2898,UnitForm,Bowl,30,23.973,15.75,22.573,719.19,22.56,21.2,10.183,676.8,0.037,0.941
2898,UnitForm,Bowl Transition,13,241.804,88.79,320.883,3143.45,156.8,111.2,185.609,2038.4,0.164,0.648
2898,UnitForm,Mound,19,114.694,52.41,143.241,2179.19,173.158,122.8,179.619,3290,0.113,1.51
2898,UnitForm,Mound Transition,5,299.588,367.83,189.875,1497.942,697.56,555.2,474.409,3487.8,0.078,2.328
2898,UnitForm,Plane,5,695.588,787.93,486.942,3477.94,732.08,596.4,512.187,3660.4,0.181,1.052
2898,UnitForm,Saddle,3,411.99,430.89,298.419,1235.97,166.467,173.4,94.591,499.4,0.064,0.404
2898,UnitForm,Trough,4,1034.185,836.969,862.204,4136.739,840.05,619.4,747.108,3360.2,0.215,0.812
2898,UnitForm,Wall,2,1410.97,1410.97,123.772,2821.94,1761.3,1761.3,2.121,3522.6,0.147,1.248
294,UnitForm,Bowl,14,67.936,10.16,108.543,951.1,50.686,16.8,67.37,709.6,0.102,0.746
294,UnitForm,Bowl Transition,13,57.48,36.45,78.027,747.24,74.538,56,86.489,969,0.08,1.297
294,UnitForm,Mound,27,63.598,17.23,102.297,1717.15,79.007,47.8,94.842,2133.2,0.184,1.242
294,UnitForm,Mound Transition,22,38.643,8.18,77.914,850.14,96.536,44.6,129.818,2123.8,0.091,2.498
294,UnitForm,Plane,2,947.29,947.29,930.086,1894.58,1244.4,1244.4,1187.657,2488.8,0.203,1.314
294,UnitForm,Saddle,1,44.81,44.81,NaN,44.81,46.4,46.4,NaN,46.4,0.005,1.035
294,UnitForm,Trough,6,331.658,290.285,352.758,1989.95,375.033,354.8,365.684,2250.2,0.214,1.131
294,UnitForm,Wall,9,124.607,63.03,138.186,1121.46,257.089,138.2,278.026,2313.8,0.12,2.063
3146,UnitForm,Bowl,18,15.032,5.905,16.137,270.58,23.933,18.6,17.386,430.8,0.09,1.592
3146,UnitForm,Bowl Transition,11,30.158,10.42,49.129,331.74,64.509,20.4,79.779,709.6,0.111,2.139
3146,UnitForm,Mound,12,45.479,23.605,68.904,545.75,75.517,59,85.24,906.2,0.182,1.66
3146,UnitForm,Mound Transition,37,6.097,2.69,7.546,225.6,32.876,15.2,38.151,1216.4,0.075,5.392
3146,UnitForm,Plane,18,30.87,8.575,53.464,555.66,92.889,66.5,96.189,1672,0.186,3.009
3146,UnitForm,Saddle,3,44.703,48.61,28.819,134.11,54.133,47.8,22.576,162.4,0.045,1.211
3146,UnitForm,Trough,15,42.567,8.6,62.274,638.51,105.067,30.2,129.336,1576,0.213,2.468
3146,UnitForm,Wall,11,26.344,12.87,28.353,289.78,96.545,51.4,103.335,1061.998,0.097,3.665
3161,UnitForm,Bowl,22,1.28,0.86,1.001,28.15,5.591,4.9,2.405,123,0.071,4.368
3161,UnitForm,Bowl Transition,32,1.621,0.995,1.83,51.86,8.588,6.3,6.598,274.8,0.13,5.298
3161,UnitForm,Mound,49,1.443,0.79,1.861,70.71,7.796,6.8,6.651,382,0.177,5.403
3161,UnitForm,Mound Transition,43,0.589,0.33,0.641,25.32,5.953,5.2,3.286,256,0.063,10.107
3161,UnitForm,Plane,34,2.233,1.46,1.879,75.93,16.312,12.3,11.213,554.6,0.19,7.305
3161,UnitForm,Saddle,5,2.21,1.62,1.262,11.05,8.36,8.8,2.882,41.8,0.028,3.783
3161,UnitForm,Trough,19,4.524,3.1,4.69,85.95,27.853,19.6,26.862,529.2,0.215,6.157
3161,UnitForm,Wall,27,1.854,1.33,2.192,50.06,13.763,11.4,13.914,371.6,0.125,7.423
3169,UnitForm,Bowl,12,19.547,15.79,15.739,234.57,26.9,24.1,15.744,322.8,0.175,1.376
3169,UnitForm,Bowl Transition,3,5.277,4.08,5.651,15.83,11.667,15,6.123,35,0.012,2.211
3169,UnitForm,Mound,17,12.516,4.39,15.385,212.78,31.024,19.2,33.05,527.4,0.159,2.479
3169,UnitForm,Mound Transition,24,4.59,2.23,5.446,110.17,26.742,17.2,27.632,641.799,0.082,5.826
3169,UnitForm,Plane,10,24.192,20.81,20.898,241.92,83.9,76.9,67.752,839,0.18,3.468
3169,UnitForm,Saddle,3,17.113,13.03,13.777,51.34,31.933,25.999,17.664,95.798,0.038,1.866
3169,UnitForm,Trough,6,47.712,51.105,36.099,286.27,128.7,141.7,81.013,772.199,0.214,2.697
3169,UnitForm,Wall,5,37.544,33.95,26.415,187.72,161.76,142.599,125.443,808.799,0.14,4.309
323,UnitForm,Bowl,11,2.411,2.36,0.737,26.52,7.891,7.6,2.056,86.8,0.017,3.273
323,UnitForm,Bowl Transition,19,13.988,7.9,16.25,265.77,24.337,20.4,21.707,462.4,0.168,1.74
323,UnitForm,Mound,20,11.371,7.165,13.529,227.43,34.4,24,33.261,688,0.144,3.025
323,UnitForm,Mound Transition,31,4.371,1.95,5.806,135.49,26.484,12.8,34.001,821,0.086,6.059
323,UnitForm,Plane,3,109.003,2.44,184.608,327.01,332.067,21.8,547.823,996.2,0.207,3.046
323,UnitForm,Saddle,3,3.963,3.92,0.516,11.89,11.933,11.8,0.611,35.8,0.008,3.011
323,UnitForm,Trough,3,111.283,148.99,83.583,333.85,293.333,360.8,216.436,880,0.211,2.636
323,UnitForm,Wall,12,20.955,3.29,31.582,251.46,60.417,11.4,81.235,725,0.159,2.883
3275,UnitForm,Bowl,16,280.694,144.125,266.531,4491.111,104,61.9,77.277,1663.999,0.162,0.371
3275,UnitForm,Bowl Transition,3,58.19,62.6,15.706,174.57,90.733,82.6,25.589,272.2,0.006,1.559
3275,UnitForm,Mound,18,411.584,120.03,547.88,7408.51,179.489,69.9,206.5,3230.8,0.268,0.436
3275,UnitForm,Mound Transition,68,36.312,0.375,72.407,2469.201,76.771,7,138.704,5220.399,0.089,2.114
3275,UnitForm,Plane,14,316.151,63.76,509.587,4426.11,411.7,211.5,627.224,5763.8,0.16,1.302
3275,UnitForm,Saddle,12,142.018,128.605,105.023,1704.222,106.133,101.9,37.357,1273.598,0.062,0.747
3275,UnitForm,Trough,18,277.658,132.425,307.994,4997.851,246.055,143.6,265.498,4428.998,0.181,0.886
3275,UnitForm,Wall,19,105.745,40.96,129.866,2009.16,152.789,68,171.43,2903,0.073,1.445
3297,UnitForm,Bowl,74,25.151,7.45,51.565,1861.192,25.708,15.3,32.948,1902.4,0.085,1.022
3297,UnitForm,Bowl Transition,71,25.369,9.98,33.724,1801.23,44.794,24.4,45.904,3180.4,0.082,1.766
3297,UnitForm,Mound,103,46.682,10.7,70.502,4808.223,56.786,32,68.201,5849.001,0.22,1.216
3297,UnitForm,Mound Transition,196,8.789,1.77,18.849,1722.671,33.952,12.3,53.603,6654.601,0.079,3.863
3297,UnitForm,Plane,33,112.995,27.01,381.87,3728.84,282.479,88.2,809.089,9321.795,0.171,2.5
3297,UnitForm,Saddle,22,84.285,48.725,107.89,1854.261,63.2,48.6,50.118,1390.4,0.085,0.75
3297,UnitForm,Trough,43,93.97,24.98,175.362,4040.73,184.451,58.2,324.816,7931.4,0.185,1.963
3297,UnitForm,Wall,57,35.908,9.69,56.53,2046.77,77.28,35.4,105.664,4404.987,0.094,2.152
3337,UnitForm,Bowl,20,13.502,11.035,11.067,270.04,21.62,18.2,11.206,432.4,0.139,1.601
3337,UnitForm,Bowl Transition,7,3.579,1.72,6.107,25.05,12.171,12.4,4.936,85.2,0.013,3.401
3337,UnitForm,Mound,30,17.831,8.465,23.867,534.92,41.253,26.1,40.497,1237.601,0.275,2.314
3337,UnitForm,Mound Transition,62,3.147,0.845,7.628,195.13,21.445,12.1,31.651,1329.601,0.1,6.814
3337,UnitForm,Plane,13,28.102,14.74,32.976,365.331,122,73.8,146.673,1586.001,0.188,4.341
3337,UnitForm,Saddle,8,8.324,6.865,3.65,66.59,22.25,17.1,10.969,178,0.034,2.673
3337,UnitForm,Trough,14,23.369,12.905,24.748,327.16,86.229,65.5,100.537,1207.2,0.168,3.69
3337,UnitForm,Wall,19,8.633,4.46,10.43,164.02,34.758,21.4,31.24,660.399,0.084,4.026
3413,UnitForm,Bowl,12,5.736,2.79,8.237,68.83,15.15,8.8,14.554,181.8,0.09,2.641
3413,UnitForm,Bowl Transition,9,8.927,6.94,7.853,80.34,29.889,33,19.058,269,0.105,3.348
3413,UnitForm,Mound,18,6.379,2.37,11.029,114.83,21.489,11.1,26.031,386.8,0.15,3.369
3413,UnitForm,Mound Transition,40,1.379,0.735,1.603,55.17,10.015,8.2,7.29,400.6,0.072,7.263
3413,UnitForm,Plane,9,17.913,17.85,18.188,161.22,80.4,94.4,78.204,723.6,0.211,4.488
3413,UnitForm,Saddle,1,5.09,5.09,NaN,5.09,14.2,14.2,NaN,14.2,0.007,2.79
3413,UnitForm,Trough,4,43.355,11.82,70.854,173.42,162.8,47.3,262.09,651.2,0.227,3.755
3413,UnitForm,Wall,14,7.454,4.825,7.125,104.36,39.271,27.6,35.171,549.8,0.137,5.268
3415,UnitForm,Bowl,21,7.498,4.32,8.893,157.45,13.514,10.4,8.118,283.8,0.075,1.802
3415,UnitForm,Bowl Transition,17,11.971,6.02,16.885,203.51,29.776,19.4,28.926,506.2,0.097,2.487
3415,UnitForm,Mound,28,11.376,5.775,11.855,318.52,30.414,22.5,21.032,851.6,0.152,2.674
3415,UnitForm,Mound Transition,13,14.602,6.09,15.804,189.82,69.877,44.6,64.604,908.4,0.091,4.785
3415,UnitForm,Plane,6,66.948,53.57,75.545,401.69,163.367,134.7,176.695,980.2,0.192,2.44
3415,UnitForm,Saddle,1,67.64,67.64,NaN,67.64,60.2,60.2,NaN,60.2,0.032,0.89
3415,UnitForm,Trough,3,136.907,184.77,118.295,410.72,314.533,396.4,276.253,943.6,0.196,2.297
3415,UnitForm,Wall,12,28.537,17.86,30.303,342.45,70.733,48.4,66.286,848.8,0.164,2.479
3432,UnitForm,Bowl,19,1.847,1.61,1.082,35.1,6.516,5.8,2.177,123.8,0.034,3.528
3432,UnitForm,Bowl Transition,27,5.454,4.16,5.193,147.27,17.326,14.2,11.96,467.8,0.143,3.177
3432,UnitForm,Mound,30,7.16,4.67,6.578,214.79,21.007,16.8,14.325,630.2,0.209,2.934
3432,UnitForm,Mound Transition,53,1.662,0.71,3.137,88.06,14.543,7.8,20.471,770.8,0.086,8.75
3432,UnitForm,Plane,9,23.036,16.01,22.397,207.32,124.867,83.4,119.199,1123.8,0.201,5.421
3432,UnitForm,Saddle,3,5.69,6.31,2.88,17.07,14.867,16.8,4.061,44.6,0.017,2.613
3432,UnitForm,Trough,14,14.542,5.83,16.929,203.59,70.286,33.5,70.679,984,0.198,4.833
3432,UnitForm,Wall,20,5.804,3.835,5.564,116.09,28.78,17.8,24.995,575.6,0.113,4.959
3464,UnitForm,Bowl,13,21.939,4.73,25.661,285.21,27.246,10.8,25.739,354.2,0.101,1.242
3464,UnitForm,Bowl Transition,10,25.344,9.905,34.919,253.44,63.66,33.6,75.274,636.6,0.09,2.512
3464,UnitForm,Mound,17,32.432,11.12,43.039,551.34,42.4,25,38.184,720.8,0.196,1.307
3464,UnitForm,Mound Transition,35,6.661,0.92,9.494,233.12,30.183,11.4,39.739,1056.4,0.083,4.531
3464,UnitForm,Plane,4,146.385,52.55,220.63,585.54,363.85,139.8,538.722,1455.4,0.208,2.486
3464,UnitForm,Trough,7,88.263,10.42,130.009,617.84,179.029,25,252.744,1253.2,0.219,2.028
3464,UnitForm,Wall,8,36.297,36.655,23.393,290.38,96.85,90.6,59.645,774.8,0.103,2.668
3466,UnitForm,Bowl,14,330.909,122.585,527.93,4632.732,100.657,59.9,112.526,1409.2,0.158,0.304
3466,UnitForm,Bowl Transition,4,110.053,112.215,98.448,440.21,89.8,78.8,55.594,359.2,0.015,0.816
3466,UnitForm,Mound,8,953.116,318.93,1781.001,7624.931,297.5,136.9,438.406,2380.001,0.26,0.312
3466,UnitForm,Mound Transition,48,56.16,0.46,247.578,2695.663,81.167,9,238.81,3896.001,0.092,1.445
3466,UnitForm,Plane,7,784.036,30.83,1871.742,5488.251,616.029,52.4,1257.051,4312.2,0.187,0.786
3466,UnitForm,Saddle,5,207.048,174.61,148.23,1035.24,136.2,134.2,73.41,681,0.035,0.658
3466,UnitForm,Trough,9,603.598,183.87,830.65,5432.38,407.956,123,532.325,3671.6,0.185,0.676
3466,UnitForm,Wall,12,164.872,60.105,314.206,1978.461,211.483,81.9,359.493,2537.801,0.067,1.283
3501,UnitForm,Bowl,24,37.485,13.14,51.932,899.65,37.625,27.4,32.54,903,0.123,1.004
3501,UnitForm,Bowl Transition,21,20.153,6.12,26.25,423.22,47.752,24,51.302,1002.8,0.058,2.369
3501,UnitForm,Mound,47,31.837,4.17,51.694,1496.33,49.336,19.4,70.713,2318.8,0.205,1.55
3501,UnitForm,Mound Transition,51,11.285,3.02,25.742,575.56,42.196,19.6,64.92,2152,0.079,3.739
3501,UnitForm,Plane,16,79.946,13.85,159.529,1279.13,202.363,75.2,296.708,3237.8,0.175,2.531
3501,UnitForm,Saddle,6,111.415,36.565,135.354,668.49,72.367,39.5,65.264,434.2,0.092,0.65
3501,UnitForm,Trough,20,63.424,32.17,92.457,1268.48,146.05,77.3,179.332,2921,0.174,2.303
3501,UnitForm,Wall,33,21.062,7.05,37.964,695.04,70.358,37,101.749,2321.8,0.095,3.341
3512,UnitForm,Bowl,34,14.078,4.565,22.456,478.65,20.071,10.9,20.768,682.4,0.131,1.426
3512,UnitForm,Bowl Transition,24,9.055,2.67,14.135,217.33,26.05,10.1,27.939,625.2,0.059,2.877
3512,UnitForm,Mound,23,37.019,13.62,99.772,851.44,83,24.6,225.22,1909,0.233,2.242
3512,UnitForm,Mound Transition,103,2.476,0.36,6.206,255.01,16.548,6,32.657,1704.4,0.07,6.683
3512,UnitForm,Plane,16,44.417,4.385,76.073,710.67,144.963,25.9,221.828,2319.4,0.194,3.264
3512,UnitForm,Saddle,7,29.541,16.8,31.257,206.79,46.029,24.4,37.687,322.2,0.057,1.558
3512,UnitForm,Trough,19,42.017,16.79,76.483,798.32,113.232,46.2,155.457,2151.4,0.218,2.695
3512,UnitForm,Wall,9,15.529,7.97,18.319,139.76,60.689,31.4,66.919,546.2,0.038,3.908
3528,UnitForm,Bowl,9,31.166,9.98,51.123,280.49,33.644,21.6,39.536,302.8,0.117,1.08
3528,UnitForm,Bowl Transition,9,16.562,9.58,19.44,149.06,37.578,23.2,36.603,338.2,0.062,2.269
3528,UnitForm,Mound,13,34.7,8.57,72.521,451.101,64.877,38,93.811,843.4,0.189,1.87
3528,UnitForm,Mound Transition,21,10.042,3.12,20.587,210.881,44.171,22.4,61.039,927.6,0.088,4.399
3528,UnitForm,Plane,7,61.198,19.18,94.123,428.389,164.8,68.4,231.591,1153.6,0.179,2.693
3528,UnitForm,Saddle,1,123.71,123.71,NaN,123.71,122,122,NaN,122,0.052,0.986
3528,UnitForm,Trough,5,89.518,21.3,156.583,447.59,196.68,73,314.407,983.4,0.187,2.197
3528,UnitForm,Wall,9,33.017,26.5,26.67,297.15,96.533,69.6,76.788,868.8,0.124,2.924
3615,UnitForm,Bowl,37,2.213,1.36,2.366,81.88,8.719,6.4,5.744,322.6,0.084,3.94
3615,UnitForm,Bowl Transition,31,3.464,1.13,4.665,107.37,16.665,8.2,18.368,516.6,0.11,4.811
3615,UnitForm,Mound,34,2.859,2.235,3.079,97.22,15.488,12.2,11.89,526.6,0.1,5.417
3615,UnitForm,Mound Transition,75,0.844,0.32,1.813,63.27,9.091,4.6,13.339,681.8,0.065,10.771
3615,UnitForm,Plane,30,6.254,2.335,12.609,187.62,39.067,25,57.228,1172,0.192,6.247
3615,UnitForm,Saddle,6,9.44,10.725,2.947,56.64,21.067,23.7,5.858,126.399,0.058,2.232
3615,UnitForm,Trough,21,9.285,2.47,14.742,194.99,48.686,24.2,57.63,1022.4,0.2,5.244
3615,UnitForm,Wall,27,6.939,4.86,6.938,187.36,41.726,29.8,37.534,1126.6,0.192,6.013
3618,UnitForm,Bowl,33,18.172,12.15,20.981,599.66,25.024,20.6,17.49,825.8,0.088,1.377
3618,UnitForm,Bowl Transition,26,18.76,3.1,37.21,487.75,40,15.2,64.486,1040,0.072,2.132
3618,UnitForm,Mound,43,47.598,9.61,91.831,2046.721,56.567,25,83.865,2432.401,0.302,1.188
3618,UnitForm,Mound Transition,85,7.786,1.16,25.692,661.782,34.009,9.8,74.411,2890.801,0.098,4.368
3618,UnitForm,Plane,22,59.296,20.36,73.432,1304.52,163.482,96.2,184.632,3596.601,0.192,2.757
3618,UnitForm,Saddle,6,31.622,11.045,35.617,189.731,36.033,20.3,32.24,216.2,0.028,1.139
3618,UnitForm,Trough,26,46.648,34.32,64.683,1212.86,108.746,84,124.117,2827.401,0.179,2.331
3618,UnitForm,Wall,28,10.042,5.16,11.113,281.18,38.929,20.4,39.805,1090,0.041,3.877
3620,UnitForm,Bowl,40,6.578,3.21,7.63,263.13,16.18,11.2,13.903,647.2,0.114,2.46
3620,UnitForm,Bowl Transition,28,4.044,2.02,5.043,113.24,20.7,12.8,20.436,579.6,0.049,5.119
3620,UnitForm,Mound,70,8.914,4.315,12.202,623.96,27.134,18.1,28.734,1899.4,0.27,3.044
3620,UnitForm,Mound Transition,122,1.723,0.66,4.004,210.23,14.254,7.6,22.823,1739,0.091,8.273
3620,UnitForm,Plane,56,7.516,2.105,21.12,420.9,39.293,17.2,78.083,2200.4,0.182,5.228
3620,UnitForm,Saddle,9,8.554,7.34,7.415,76.99,19.533,17.8,12.175,175.8,0.033,2.283
3620,UnitForm,Trough,41,10.144,2,24.151,415.9,48.268,11,115.515,1979,0.18,4.758
3620,UnitForm,Wall,37,4.975,3.8,4.484,184.08,25.292,20,20.538,935.801,0.08,5.084
3637,UnitForm,Bowl,29,2.183,1.21,2.253,63.31,8.869,7,6.049,257.2,0.06,4.063
3637,UnitForm,Bowl Transition,39,3.413,1.03,4.983,133.1,16.441,7.4,18.896,641.2,0.125,4.817
3637,UnitForm,Mound,30,6.262,4.37,6.226,187.87,30.933,22.5,25.544,928,0.177,4.94
3637,UnitForm,Mound Transition,53,1.568,0.82,1.895,83.09,18.683,9.6,19.99,990.2,0.078,11.915
3637,UnitForm,Plane,11,20.208,5.07,33.637,222.29,132.582,62,181.609,1458.399,0.209,6.561
3637,UnitForm,Saddle,4,2.9,2.455,1.992,11.6,9.9,9,4.562,39.599,0.011,3.414
3637,UnitForm,Trough,20,11.116,1.7,21.864,222.32,62.82,21.9,91.474,1256.4,0.209,5.651
3637,UnitForm,Wall,35,3.981,2.56,4.54,139.33,25.034,15,25.873,876.2,0.131,6.288
3701,UnitForm,Bowl,33,31.15,12.38,40.401,1027.96,30.418,20,25.094,1003.8,0.116,0.977
3701,UnitForm,Bowl Transition,25,20.102,10.05,33.399,502.56,38.376,29,35.092,959.4,0.057,1.909
3701,UnitForm,Mound,33,57.073,20.43,105.634,1883.4,74.03,36.8,98.385,2443,0.212,1.297
3701,UnitForm,Mound Transition,62,12.085,1.1,34.163,749.28,42.626,10.5,96.524,2642.8,0.084,3.527
3701,UnitForm,Plane,22,68.931,4.825,175.222,1516.48,143.873,35.8,267.476,3165.2,0.171,2.087
3701,UnitForm,Saddle,6,151.627,164.825,105.99,909.76,86.2,93.1,44.406,517.2,0.102,0.569
3701,UnitForm,Trough,33,46.799,12.25,70.899,1544.38,87.127,35.4,95.246,2875.2,0.174,1.862
3701,UnitForm,Wall,24,31.172,21.83,32.499,748.14,109.775,79.8,110.781,2634.6,0.084,3.522
372,UnitForm,Bowl,19,4.172,3.03,4.148,79.27,11.684,10.4,6.83,222,0.064,2.801
372,UnitForm,Bowl Transition,20,6.137,3.705,6.782,122.74,24.59,16.2,25.803,491.8,0.099,4.007
372,UnitForm,Mound,24,12.343,7.845,11.913,296.23,30.225,22.2,22.121,725.4,0.239,2.449
372,UnitForm,Mound Transition,33,3.141,1.33,4.89,103.65,21.861,16.4,19.057,721.4,0.084,6.96
372,UnitForm,Plane,24,9.056,3.445,17.916,217.34,40.133,33.9,30.58,963.2,0.175,4.432
372,UnitForm,Saddle,6,16.42,15.17,12.485,98.52,32.2,32.2,16.576,193.2,0.079,1.961
372,UnitForm,Trough,10,20.032,6.495,24.772,200.32,93.76,37.6,112.523,937.6,0.161,4.681
372,UnitForm,Wall,21,5.842,5.65,3.742,122.68,26.971,22.4,17.862,566.4,0.099,4.617
3949,UnitForm,Bowl,16,6.749,2.995,7.766,107.98,13.138,9.5,8.133,210.2,0.047,1.947
3949,UnitForm,Bowl Transition,18,15.399,4.845,21.093,277.18,32.267,14.7,37.547,580.8,0.122,2.095
3949,UnitForm,Mound,25,20.551,11.46,22.429,513.78,35.832,27.4,32.953,895.8,0.225,1.744
3949,UnitForm,Mound Transition,32,6.662,2.78,9.537,213.2,37.688,22.1,48.353,1206,0.093,5.657
3949,UnitForm,Plane,12,34.812,8.81,82.271,417.74,127.417,50.2,258.65,1529,0.183,3.66
3949,UnitForm,Saddle,3,27.07,30.98,18.065,81.21,48.4,47.6,30.808,145.2,0.036,1.788
3949,UnitForm,Trough,11,39.235,9.71,49.369,431.59,113.436,46,136.142,1247.8,0.189,2.891
3949,UnitForm,Wall,8,29.815,20.615,30.367,238.52,116.35,69.8,120.232,930.8,0.105,3.902
3975,UnitForm,Bowl,17,14.851,8.92,13.494,252.46,29.812,27.4,20.264,506.8,0.178,2.007
3975,UnitForm,Bowl Transition,1,1.56,1.56,NaN,1.56,8.8,8.8,NaN,8.8,0.001,5.641
3975,UnitForm,Mound,27,8.111,3.69,10.241,219,41.126,29.6,33.42,1110.4,0.155,5.07
3975,UnitForm,Mound Transition,51,2.137,1.1,2.986,108.97,19.576,11,20.463,998.401,0.077,9.161
3975,UnitForm,Plane,7,41.911,3.5,87.862,293.38,206.486,14,442.154,1445.401,0.207,4.927
3975,UnitForm,Saddle,6,5.912,4.525,3.852,35.47,14.867,12.5,6.982,89.2,0.025,2.515
3975,UnitForm,Trough,9,31.466,16.25,28.429,283.19,133.267,85.8,124.68,1199.401,0.2,4.235
3975,UnitForm,Wall,19,11.638,6.05,13.09,221.13,53.179,35.4,48.068,1010.4,0.156,4.569
3979,UnitForm,Bowl,46,50.176,23.575,66.382,2308.091,39.474,26.9,34.969,1815.799,0.098,0.787
3979,UnitForm,Bowl Transition,39,44.791,14.05,78.016,1746.851,66.697,43.8,74.391,2601.2,0.074,1.489
3979,UnitForm,Mound,45,134.077,39.31,187.232,6033.449,110.253,59.8,111.915,4961.4,0.257,0.822
3979,UnitForm,Mound Transition,114,17.796,0.695,49.733,2028.694,57.621,8.6,106.388,6568.801,0.086,3.238
3979,UnitForm,Plane,22,201.676,57.87,432.305,4436.88,347.745,154.1,613.979,7650.4,0.189,1.724
3979,UnitForm,Saddle,10,128.409,77.29,132.475,1284.092,103.14,86.2,57.344,1031.402,0.055,0.803
3979,UnitForm,Trough,25,169.912,53.66,245.903,4247.79,254.424,96.8,266.455,6360.6,0.181,1.497
3979,UnitForm,Wall,36,39.005,16.805,61.984,1404.171,93.222,45.9,122.861,3356.001,0.06,2.39
3983,UnitForm,Bowl,25,8.945,5.88,9.191,223.63,14.496,12.4,6.782,362.4,0.058,1.621
3983,UnitForm,Bowl Transition,20,24.511,15.665,29.989,490.221,44.12,32.9,37.331,882.401,0.126,1.8
3983,UnitForm,Mound,22,30.814,15.045,32.139,677.9,54.273,53.4,36.092,1194,0.175,1.761
3983,UnitForm,Mound Transition,40,8.229,3.2,12.152,329.15,37.63,17.6,48.976,1505.201,0.085,4.573
3983,UnitForm,Plane,3,255.304,326.71,210.26,765.911,594.2,789.2,430.781,1782.6,0.198,2.327
3983,UnitForm,Saddle,1,90.84,90.84,NaN,90.84,79.6,79.6,NaN,79.6,0.023,0.876
3983,UnitForm,Trough,7,114.919,40.74,137.068,804.431,231.6,156.2,219.282,1621.201,0.208,2.015
3983,UnitForm,Wall,15,32.973,26.76,42.077,494.59,79.133,54.6,99.79,1187,0.128,2.4
3991,UnitForm,Bowl,12,3.501,1.98,3.492,42.01,9.8,8,5.776,117.6,0.047,2.799
3991,UnitForm,Bowl Transition,14,8.4,8.035,7.801,117.6,27.857,30.3,21.944,390,0.13,3.316
3991,UnitForm,Mound,15,11.898,6.95,12.652,178.47,32.667,21.8,28.726,490,0.198,2.746
3991,UnitForm,Mound Transition,25,2.792,0.62,4.594,69.81,17.528,8.6,19.16,438.2,0.077,6.278
3991,UnitForm,Plane,3,62.413,88.16,50.096,187.24,225.4,324.4,186.567,676.2,0.207,3.611
3991,UnitForm,Saddle,1,8.06,8.06,NaN,8.06,22,22,NaN,22,0.009,2.73
3991,UnitForm,Trough,3,59.357,38.93,69.354,178.07,210.267,100,260.718,630.8,0.197,3.542
3991,UnitForm,Wall,13,9.333,5.95,7.457,121.33,34.785,23,24.383,452.2,0.134,3.727
4000,UnitForm,Bowl,18,70.417,21.25,185.658,1267.501,43.756,28.1,53.786,787.6,0.083,0.621
4000,UnitForm,Bowl Transition,14,100.664,25.835,146.389,1409.3,94.1,47.9,105.714,1317.4,0.092,0.935
4000,UnitForm,Mound,13,232.227,25.07,487.064,3018.949,143.754,55.2,224.984,1868.8,0.197,0.619
4000,UnitForm,Mound Transition,9,139.093,8.92,203.837,1251.84,403.956,33.4,520.258,3635.6,0.082,2.904
4000,UnitForm,Plane,5,602.4,246.97,577.709,3012.001,728.4,429.2,533.378,3642,0.196,1.209
4000,UnitForm,Saddle,3,315.783,303.52,250.56,947.35,185.267,157.6,136.617,555.8,0.062,0.587
4000,UnitForm,Trough,9,314.394,78.65,463.436,2829.549,351.8,148.8,439.013,3166.2,0.184,1.119
4000,UnitForm,Wall,12,133.762,29.39,192.793,1605.14,184.233,79.3,221.402,2210.8,0.105,1.377
4024,UnitForm,Bowl,13,233.961,55.2,317.813,3041.491,91.292,42.2,104.078,1186.8,0.153,0.39
4024,UnitForm,Bowl Transition,4,99.938,56.15,131.315,399.75,77.35,48,72.57,309.4,0.02,0.774
4024,UnitForm,Mound,11,413.927,113.221,554.49,4553.192,176.218,80.4,173.436,1938.4,0.229,0.426
4024,UnitForm,Mound Transition,44,42.676,0.695,136.968,1877.75,79.005,9.9,197.784,3476.201,0.094,1.851
4024,UnitForm,Plane,8,416.559,291.13,426.704,3332.472,415.725,411,395.958,3325.8,0.167,0.998
4024,UnitForm,Saddle,7,226.047,152.69,256.05,1582.33,103,96,58.329,721,0.079,0.456
4024,UnitForm,Trough,5,649.014,553.622,585.909,3245.071,589.88,367.2,619.678,2949.4,0.163,0.909
4024,UnitForm,Wall,7,269.571,114.04,284.612,1887,306.4,109.8,314.404,2144.8,0.095,1.137
4086,UnitForm,Bowl,18,186.933,110.386,258.012,3364.788,89.333,69.3,89.2,1608,0.14,0.478
4086,UnitForm,Bowl Transition,14,48.48,23.045,94.245,678.72,74.7,72.6,44.26,1045.8,0.028,1.541
4086,UnitForm,Mound,17,355.293,56.4,639.951,6039.973,179.8,67.4,256.39,3056.601,0.252,0.506
4086,UnitForm,Mound Transition,52,41.808,0.36,138.763,2174.022,76.096,7,214.553,3957.001,0.091,1.82
4086,UnitForm,Plane,14,305.956,42.295,726.644,4283.386,344.357,182.9,624.32,4821.001,0.178,1.126
4086,UnitForm,Saddle,7,307.144,276.13,339.287,2150.011,134.828,139.6,82.502,943.798,0.09,0.439
4086,UnitForm,Trough,15,246.635,125.4,278.743,3699.525,269.32,182,217.7,4039.799,0.154,1.092
4086,UnitForm,Wall,9,179.458,77.55,234.921,1615.12,301.977,152,367.995,2717.793,0.067,1.683
4144,UnitForm,Bowl,12,9.828,2.455,11.295,117.94,19.717,8.3,18.389,236.6,0.189,2.006
4144,UnitForm,Bowl Transition,2,1.97,1.97,1.174,3.94,12.1,12.1,4.667,24.2,0.006,6.142
4144,UnitForm,Mound,19,4.454,1.45,7.45,84.62,19.979,10.8,23.453,379.6,0.135,4.486
4144,UnitForm,Mound Transition,28,1.588,0.355,4.211,44.46,10.286,5.9,16.265,288,0.071,6.477
4144,UnitForm,Plane,22,5.19,1.43,13.258,114.17,22.482,14.8,25.183,494.6,0.183,4.332
4144,UnitForm,Saddle,3,8.21,6.96,7.612,24.63,16.2,20.4,9.43,48.6,0.039,1.973
4144,UnitForm,Trough,14,9.743,4.76,16.848,136.4,38.143,24.9,43.584,534,0.218,3.915
4144,UnitForm,Wall,11,9.034,10.06,4.79,99.37,49.527,52.6,22.014,544.8,0.159,5.482
4147,UnitForm,Bowl,29,27.669,13.91,33.531,802.41,33.724,21.4,26.936,978,0.105,1.219
4147,UnitForm,Bowl Transition,26,19.202,7.33,25.418,499.26,52.038,36,55.212,1353,0.066,2.71
4147,UnitForm,Mound,32,60.016,24.265,116.052,1920.5,78.744,45.2,104.12,2519.8,0.252,1.312
4147,UnitForm,Mound Transition,83,8.561,1.68,15.847,710.56,39.198,14.2,71.877,3253.4,0.093,4.579
4147,UnitForm,Plane,20,72.821,5.28,227.802,1456.42,206.48,44.1,545.715,4129.6,0.191,2.835
4147,UnitForm,Saddle,4,87.09,76.63,83.499,348.36,74.9,75.3,57.333,299.6,0.046,0.86
4147,UnitForm,Trough,25,53.84,9.73,93.562,1346,134.984,35.4,242.616,3374.6,0.177,2.507
4147,UnitForm,Wall,17,31.371,12.99,38.553,533.3,94.988,49.8,101.842,1614.8,0.07,3.028
4179,UnitForm,Bowl,33,9.88,7.04,10.478,326.04,17.376,15.4,10.052,573.4,0.057,1.759
4179,UnitForm,Bowl Transition,28,24.725,8.51,42.315,692.31,48.571,30.8,59.774,1360,0.121,1.964
4179,UnitForm,Mound,47,28.676,1.75,52.447,1347.75,37.817,10.6,57.219,1777.4,0.236,1.319
4179,UnitForm,Mound Transition,58,8.708,1.015,17.744,505.04,35.369,11.3,50.214,2051.4,0.088,4.062
4179,UnitForm,Plane,7,162.973,11.04,363.78,1140.81,438.943,30.8,908.929,3072.6,0.199,2.693
4179,UnitForm,Saddle,1,62.39,62.39,NaN,62.39,52.8,52.8,NaN,52.8,0.011,0.846
4179,UnitForm,Trough,15,77.471,5.65,224.351,1162.06,173.64,36.6,438.247,2604.6,0.203,2.241
4179,UnitForm,Wall,14,34.71,17.125,41.208,485.94,113.357,84,112.586,1587,0.085,3.266
4182,UnitForm,Bowl,19,15.766,6.54,24.248,299.56,19.863,14,17.529,377.4,0.071,1.26
4182,UnitForm,Bowl Transition,12,46.694,24.635,52.256,560.33,62.8,56.3,48.943,753.6,0.133,1.345
4182,UnitForm,Mound,11,51.696,6.82,89.978,568.66,87.764,24.4,118.046,965.4,0.135,1.698
4182,UnitForm,Mound Transition,10,31.186,6.575,53.65,311.861,145.88,70.3,202.948,1458.8,0.074,4.678
4182,UnitForm,Plane,2,432.784,432.784,556.132,865.569,798.997,798.997,916.689,1597.994,0.206,1.846
4182,UnitForm,Saddle,1,12.29,12.29,NaN,12.29,19.4,19.4,NaN,19.4,0.003,1.579
4182,UnitForm,Trough,4,245.935,256.23,188.336,983.74,373.1,389.4,293.527,1492.4,0.234,1.517
4182,UnitForm,Wall,11,54.712,11.17,68.919,601.829,108.327,41,129.255,1191.595,0.143,1.98
4212,UnitForm,Bowl,7,239.961,252.861,202.617,1679.724,110.171,82.6,78.484,771.2,0.163,0.459
4212,UnitForm,Bowl Transition,4,27.512,30.235,21.987,110.05,60.5,52.1,48.736,242,0.011,2.199
4212,UnitForm,Mound,14,174.668,114.071,184.914,2445.355,103.7,96.1,76.129,1451.8,0.237,0.594
4212,UnitForm,Mound Transition,39,20.899,0.29,68.31,815.071,52.964,6,139.1,2065.601,0.079,2.534
4212,UnitForm,Plane,11,153.819,82.46,157.956,1692.011,232.746,195.8,183.318,2560.201,0.164,1.513
4212,UnitForm,Saddle,6,143.959,101.865,121.439,863.752,84.166,84.199,47.206,504.998,0.084,0.585
4212,UnitForm,Trough,8,230.032,134.501,293.097,1840.253,251.475,233.9,219,2011.801,0.179,1.093
4212,UnitForm,Wall,7,121.574,75.31,110.613,851.02,206.315,114.4,178.055,1444.203,0.083,1.697
4454,UnitForm,Bowl,19,22.417,10.46,23.458,425.919,33.189,30.8,23.609,630.6,0.093,1.481
4454,UnitForm,Bowl Transition,12,17.848,0.73,41.163,214.179,44.283,8,79.731,531.4,0.047,2.481
4454,UnitForm,Mound,41,34.462,10.06,83.757,1412.94,50.898,30.8,72.498,2086.801,0.309,1.477
4454,UnitForm,Mound Transition,93,4.914,0.67,16.944,457.012,26.095,8.4,64.188,2426.802,0.1,5.31
4454,UnitForm,Plane,22,38.039,9.935,53.06,836.851,134.618,68,175.439,2961.6,0.183,3.539
4454,UnitForm,Saddle,5,56.152,26.41,69.387,280.76,51.8,42.4,37.916,258.999,0.061,0.922
4454,UnitForm,Trough,22,34.82,12.665,55.825,766.042,96.191,26.2,166.092,2116.2,0.168,2.763
4454,UnitForm,Wall,13,13.575,5.57,15.724,176.48,56.185,25.8,57.442,730.403,0.039,4.139
4483,UnitForm,Bowl,24,22.732,11.605,23.295,545.56,29.567,22.8,20.403,709.6,0.108,1.301
4483,UnitForm,Bowl Transition,16,15.66,6.94,18.611,250.56,52.9,20.6,56.532,846.4,0.05,3.378
4483,UnitForm,Mound,26,61.316,14.535,99.854,1594.22,63.515,21.7,95.737,1651.4,0.316,1.036
4483,UnitForm,Mound Transition,66,7.293,0.795,14.656,481.36,30.406,8.5,48.692,2006.801,0.095,4.169
4483,UnitForm,Plane,10,88.459,14.92,163.785,884.59,244.28,71.2,374.645,2442.8,0.175,2.762
4483,UnitForm,Saddle,5,48.442,30.35,61.68,242.21,46.84,45.2,38.542,234.2,0.048,0.967
4483,UnitForm,Trough,14,63.261,29.72,67.289,885.651,150.757,107.2,112.185,2110.601,0.175,2.383
4483,UnitForm,Wall,9,18.511,12.94,17.447,166.6,68.022,41.6,64.626,612.2,0.033,3.675
4555,UnitForm,Bowl,11,11.825,8.4,9.991,130.07,19.2,15,9.466,211.2,0.103,1.624
4555,UnitForm,Bowl Transition,1,71.04,71.04,NaN,71.04,143,143,NaN,143,0.056,2.013
4555,UnitForm,Mound,13,29.48,9.71,37.852,383.24,45.723,36.4,39.939,594.4,0.303,1.551
4555,UnitForm,Mound Transition,26,4.685,1.095,6.683,121.82,25.931,8.8,31.304,674.2,0.096,5.535
4555,UnitForm,Plane,10,21.863,12.035,23.363,218.63,91.56,48.4,106.062,915.6,0.173,4.188
4555,UnitForm,Saddle,4,13.48,12.92,9.172,53.92,28.45,27.6,14.471,113.8,0.043,2.111
4555,UnitForm,Trough,9,24.561,14.76,25.703,221.05,74.978,64.6,59.762,674.8,0.175,3.053
4555,UnitForm,Wall,10,6.324,4.935,5.951,63.24,33.94,23.8,32.841,339.4,0.05,5.367
4883,UnitForm,Bowl,11,27.878,27.26,28.286,306.66,45.473,35.8,38.905,500.201,0.169,1.631
4883,UnitForm,Bowl Transition,1,1.03,1.03,NaN,1.03,17.2,17.2,NaN,17.2,0.001,16.699
4883,UnitForm,Mound,25,10.683,5.22,12.971,267.07,44.496,32,32.586,1112.4,0.147,4.165
4883,UnitForm,Mound Transition,48,2.619,0.475,6.893,125.73,19.271,8.3,27.017,925.001,0.069,7.358
4883,UnitForm,Plane,17,17.515,13.54,20.399,297.75,81.329,62.6,62.804,1382.601,0.164,4.643
4883,UnitForm,Saddle,4,41.175,21.71,48.234,164.7,53.4,41.9,39.011,213.6,0.091,1.297
4883,UnitForm,Trough,6,60.278,30.58,92.508,361.67,202.3,61.6,375.366,1213.801,0.199,3.356
4883,UnitForm,Wall,16,18.213,10.055,20.751,291.41,67.288,42.5,65.776,1076.6,0.16,3.695
4912,UnitForm,Bowl,17,30.765,10.99,45.506,523,31,19.8,30.905,527,0.123,1.008
4912,UnitForm,Bowl Transition,14,11.426,4.76,14.239,159.96,38.343,26.7,37.967,536.8,0.037,3.356
4912,UnitForm,Mound,15,73.275,44.22,96.307,1099.12,85.213,49.6,79.356,1278.2,0.257,1.163
4912,UnitForm,Mound Transition,42,9.245,1.74,23.461,388.28,34.757,12.9,62.233,1459.8,0.091,3.76
4912,UnitForm,Plane,12,64.705,26.08,98.486,776.46,163.017,90.7,233.941,1956.2,0.182,2.519
4912,UnitForm,Saddle,5,58.674,62.25,53.271,293.37,60.2,64.6,48.02,301,0.069,1.026
4912,UnitForm,Trough,15,45.757,12.22,79.88,686.35,100.853,31.2,132.649,1512.8,0.161,2.204
4912,UnitForm,Wall,10,34.195,42.475,22.796,341.95,103.98,108,75.059,1039.8,0.08,3.041
547,UnitForm,Bowl,25,2.117,1.37,1.83,52.93,9.272,8.4,5.961,231.8,0.131,4.38
547,UnitForm,Bowl Transition,21,1.74,1.22,1.815,36.54,11.21,7.8,9.494,235.4,0.09,6.443
547,UnitForm,Mound,70,1.051,0.02,2.236,73.57,5.869,0.6,10.128,410.8,0.182,5.584
547,UnitForm,Mound Transition,50,0.499,0.315,0.554,24.97,5.516,4.5,3.623,275.8,0.062,11.054
547,UnitForm,Plane,38,2.144,0.855,3.065,81.46,14.758,9,13.901,560.8,0.201,6.883
547,UnitForm,Saddle,3,2.163,2.12,0.357,6.49,8.333,8,1.332,25,0.016,3.853
547,UnitForm,Trough,30,3.141,1.21,5.063,94.24,19.707,12.2,20.633,591.2,0.233,6.274
547,UnitForm,Wall,29,1.211,1.01,0.803,35.11,11.731,9.8,7.193,340.2,0.087,9.687
548,UnitForm,Bowl,17,4.252,3.94,2.839,72.28,12.376,11.8,5.315,210.4,0.109,2.911
548,UnitForm,Bowl Transition,17,2.691,1.86,3.072,45.74,14.341,9,13.342,243.8,0.069,5.329
548,UnitForm,Mound,28,5.04,3.97,4.287,141.11,20.186,17.4,12.542,565.2,0.212,4.005
548,UnitForm,Mound Transition,43,1.224,0.53,2.046,52.65,11.377,6,12.646,489.2,0.079,9.295
548,UnitForm,Plane,18,6.218,2.66,11.601,111.92,34.322,20.5,42.904,617.8,0.168,5.52
548,UnitForm,Saddle,6,7.62,5.845,5.476,45.72,18.267,18.9,8.364,109.6,0.069,2.397
548,UnitForm,Trough,18,6.998,3.15,7.037,125.96,36.044,22.9,35.723,648.8,0.19,5.151
548,UnitForm,Wall,20,3.466,2.045,3.171,69.31,22.25,15.4,17.653,445,0.104,6.42
664,UnitForm,Bowl,19,2.355,1.3,2.503,44.75,8.6,6.8,6.077,163.4,0.083,3.652
664,UnitForm,Bowl Transition,23,2.111,0.99,2.507,48.55,11.391,7.6,10.42,262,0.09,5.396
664,UnitForm,Mound,23,4.52,3.58,3.891,103.96,20.217,18.6,14.299,465,0.192,4.473
664,UnitForm,Mound Transition,47,0.951,0.44,1.403,44.72,9.285,5,10.025,436.4,0.083,9.763
664,UnitForm,Plane,19,5.49,2.67,6.563,104.31,36.895,19.8,34.449,701,0.193,6.72
664,UnitForm,Saddle,4,4.095,4.26,3.001,16.38,11.3,11.4,5.939,45.2,0.03,2.759
664,UnitForm,Trough,14,7.372,4.21,8.714,103.21,45.029,38.3,41.348,630.4,0.191,6.108
664,UnitForm,Wall,16,4.64,4.23,2.309,74.24,29.488,22.9,16.726,471.8,0.137,6.355
665,UnitForm,Bowl,18,7.042,2.69,13.03,126.75,16.044,10.1,20.771,288.8,0.13,2.278
665,UnitForm,Bowl Transition,7,8.661,8.52,7.631,60.63,38.229,25.4,38.116,267.6,0.062,4.414
665,UnitForm,Mound,17,7.985,4,9.15,135.74,35.376,28,33.304,601.4,0.14,4.43
665,UnitForm,Mound Transition,33,1.953,0.79,2.793,64.45,14.57,7.2,16.243,480.8,0.066,7.46
665,UnitForm,Plane,12,17.13,11.685,17.176,205.56,76.083,66.1,60.365,913,0.212,4.442
665,UnitForm,Saddle,2,10.42,10.42,4.865,20.84,18.5,18.5,5.798,37,0.021,1.775
665,UnitForm,Trough,4,54.303,40.32,57.226,217.21,201.5,170.4,200.712,806,0.224,3.711
665,UnitForm,Wall,11,12.784,7.81,16.051,140.62,63.418,51.8,68.132,697.6,0.145,4.961
681,UnitForm,Bowl,17,25.654,14.06,31.25,436.121,29.106,20,25.994,494.8,0.163,1.135
681,UnitForm,Bowl Transition,9,7.966,4.94,7.937,71.69,21.622,20.4,14.557,194.6,0.027,2.714
681,UnitForm,Mound,29,17.381,9.74,23.984,504.051,32.331,20.2,27.072,937.6,0.189,1.86
681,UnitForm,Mound Transition,36,5.959,2.175,8.88,214.51,29.661,13.5,35.049,1067.8,0.08,4.978
681,UnitForm,Plane,13,38.506,5.88,65.418,500.58,117.169,41.4,180.58,1523.2,0.187,3.043
681,UnitForm,Saddle,6,23.35,16.94,19.492,140.1,32.1,29.7,15.418,192.6,0.052,1.375
681,UnitForm,Trough,14,36.785,24.94,35.144,514.99,91.386,63.7,76.32,1279.401,0.193,2.484
681,UnitForm,Wall,17,17.088,9.58,21,290.49,73.53,46.8,87.651,1250.002,0.109,4.303
685,UnitForm,Bowl,14,60.036,29.09,87.959,840.51,43.557,29.1,41.752,609.799,0.108,0.726
685,UnitForm,Bowl Transition,8,54.33,29.425,58.213,434.638,71,57.6,60.366,568,0.056,1.307
685,UnitForm,Mound,17,73.064,21.98,125.903,1242.09,84.624,50.2,87.854,1438.601,0.159,1.158
685,UnitForm,Mound Transition,33,18.726,7.31,33.232,617.96,52.679,31.2,67.875,1738.401,0.079,2.813
685,UnitForm,Plane,9,166.55,116.52,229.593,1498.95,256.978,176.2,287.739,2312.799,0.192,1.543
685,UnitForm,Saddle,3,269.62,350.46,211.126,808.861,177,217.001,125.477,531,0.104,0.656
685,UnitForm,Trough,12,119.125,15.57,247.041,1429.5,145.083,52.8,224.607,1740.999,0.183,1.218
685,UnitForm,Wall,8,117.259,86.515,110.828,938.07,238.475,187,221.257,1907.801,0.12,2.034
686,UnitForm,Bowl,11,21.236,7.31,22.266,233.6,28.727,13,22.743,316,0.177,1.353
686,UnitForm,Bowl Transition,5,3.622,2.08,4.797,18.11,12.52,13,7.821,62.6,0.014,3.457
686,UnitForm,Mound,16,13.797,2.3,25.783,220.76,36.562,19.5,50.328,585,0.167,2.65
686,UnitForm,Mound Transition,25,3.989,2.09,7.382,99.72,26.072,15.8,38.698,651.8,0.076,6.536
686,UnitForm,Plane,14,15.698,8.515,25.953,219.779,54.571,33,66.039,763.999,0.167,3.476
686,UnitForm,Saddle,2,58.445,58.445,37.088,116.89,87.199,87.199,54.022,174.397,0.089,1.492
686,UnitForm,Trough,11,22.038,8.97,30.669,242.42,63.709,37.8,71.468,700.8,0.184,2.891
686,UnitForm,Wall,7,23.871,28.77,12.291,167.1,116.171,144.401,59.128,813.198,0.127,4.867
699,UnitForm,Bowl,14,2.844,1.535,2.439,39.81,8.014,6.4,3.827,112.2,0.06,2.818
699,UnitForm,Bowl Transition,17,5.018,3.46,4.173,85.3,18.212,16.6,11.552,309.6,0.129,3.629
699,UnitForm,Mound,21,4.239,2.62,4.177,89.01,20.324,16.8,17.589,426.8,0.135,4.795
699,UnitForm,Mound Transition,22,2.49,1.305,3.505,54.79,22.155,13.9,26.781,487.4,0.083,8.898
699,UnitForm,Plane,10,13.275,6.28,18.283,132.75,71.2,40.1,111.139,712,0.201,5.363
699,UnitForm,Saddle,1,9,9,NaN,9,16.8,16.8,NaN,16.8,0.014,1.867
699,UnitForm,Trough,6,23.47,15.645,21.167,140.82,101.867,64.2,90.82,611.2,0.213,4.34
699,UnitForm,Wall,13,8.472,6.44,7.312,110.14,40.492,35.4,32.225,526.4,0.166,4.78
701,UnitForm,Bowl,17,5.565,4.29,5.024,94.61,14.012,15.2,8.992,238.2,0.167,2.518
701,UnitForm,Bowl Transition,6,2.108,0.73,2.303,12.65,8.667,6.3,5.873,52,0.022,4.111
701,UnitForm,Mound,59,1.719,0.02,3.737,101.41,6.529,0.6,11.999,385.2,0.179,3.798
701,UnitForm,Mound Transition,40,1,0.56,1.471,39.98,8.54,6,7.909,341.6,0.071,8.54
701,UnitForm,Plane,21,4.906,2.6,5.527,103.03,29.924,16.2,27.333,628.4,0.182,6.099
701,UnitForm,Saddle,7,4.347,3.75,1.934,30.43,12.286,11.4,4.048,86,0.054,2.826
701,UnitForm,Trough,14,8.481,5.67,7.074,118.74,41.771,44.2,27.115,584.8,0.21,4.925
701,UnitForm,Wall,22,2.915,1.68,3.18,64.12,18.836,12.5,17.345,414.4,0.113,6.462
738,UnitForm,Bowl,11,17.234,5.36,21.763,189.57,23.2,13.8,19.676,255.2,0.061,1.346
738,UnitForm,Bowl Transition,9,43.046,11.31,59.971,387.41,63.067,34.8,86.866,567.6,0.125,1.465
738,UnitForm,Mound,8,71.123,44.715,73.202,568.98,90.525,84.1,75.115,724.2,0.184,1.273
738,UnitForm,Mound Transition,11,23.52,4.99,40.735,258.72,97.582,24.6,148.295,1073.4,0.083,4.149
738,UnitForm,Plane,3,210.057,263.9,185.985,630.17,378.667,535.8,322.062,1136,0.203,1.803
738,UnitForm,Trough,2,329.875,329.875,463.883,659.75,508.8,508.8,709.935,1017.6,0.213,1.542
738,UnitForm,Wall,10,40.563,31.83,42.795,405.63,68.5,55.2,55.995,685,0.131,1.689
747,UnitForm,Bowl,13,3.692,1.73,5.032,47.99,8.738,6.4,5.498,113.6,0.051,2.367
747,UnitForm,Bowl Transition,16,6.056,4.515,5.548,96.89,18.313,15.9,12.633,293,0.102,3.024
747,UnitForm,Mound,16,15.196,5.8,17.915,243.14,34.125,17.1,33.228,546,0.257,2.246
747,UnitForm,Mound Transition,26,3.513,1.565,4.405,91.33,23.162,13.7,25.191,602.2,0.097,6.593
747,UnitForm,Plane,3,58.613,11.11,91.129,175.84,236.467,56.8,357.173,709.4,0.186,4.034
747,UnitForm,Saddle,6,6.577,4.535,4.196,39.46,15.833,12.9,5.853,95,0.042,2.407
747,UnitForm,Trough,7,22.61,10.92,30.424,158.27,88.571,40.4,125.406,620,0.167,3.917
747,UnitForm,Wall,18,5.19,3.35,4.584,93.42,18.267,13,14.331,328.8,0.099,3.52
797,UnitForm,Bowl,18,5.448,2.645,6.055,98.06,13.344,8.7,10.702,240.2,0.078,2.449
797,UnitForm,Bowl Transition,16,6.978,4.69,8.185,111.64,24.4,22.5,17.918,390.4,0.088,3.497
797,UnitForm,Mound,25,11.478,5.98,10.728,286.96,28.776,24.6,17.367,719.4,0.227,2.507
797,UnitForm,Mound Transition,44,2.618,0.645,3.926,115.19,18.95,7.6,20.894,833.8,0.091,7.238
797,UnitForm,Plane,19,12.314,2.93,17.632,233.96,55.758,24.2,59.03,1059.4,0.185,4.528
797,UnitForm,Saddle,5,10.696,10.92,4.883,53.48,23.24,25.4,7.959,116.2,0.042,2.173
797,UnitForm,Trough,19,12.578,5.75,17.47,238.99,50.726,23.8,58.484,963.8,0.189,4.033
797,UnitForm,Wall,26,4.881,3.055,4.339,126.9,23.769,20.7,16.383,618,0.1,4.87
806,UnitForm,Bowl,15,4.519,2.83,4.118,67.79,9.76,7.8,4.779,146.4,0.091,2.16
806,UnitForm,Bowl Transition,17,2.768,1.26,3.284,47.06,12.8,9.4,9.623,217.6,0.063,4.624
806,UnitForm,Mound,19,9.2,4.1,11.716,174.8,27.642,17.2,25.84,525.2,0.235,3.005
806,UnitForm,Mound Transition,34,2.265,0.77,3.576,77.02,16.788,9,20.912,570.8,0.104,7.412
806,UnitForm,Plane,9,15.364,2.81,19.464,138.28,75.444,26.8,82.988,679,0.186,4.91
806,UnitForm,Saddle,3,10.203,9.52,6.412,30.61,21.8,19,12.635,65.4,0.041,2.137
806,UnitForm,Trough,9,13.514,1.93,24.677,121.63,61.778,21.4,105.495,556,0.164,4.571
806,UnitForm,Wall,12,7.157,5.955,5.393,85.88,33.5,23.4,24.448,402,0.116,4.681
820,UnitForm,Bowl,25,3.396,2.27,3.398,84.91,10.632,9.4,5.96,265.8,0.181,3.131
820,UnitForm,Bowl Transition,4,0.51,0.51,0.286,2.04,5.8,5,3.456,23.2,0.004,11.373
820,UnitForm,Mound,23,4.328,3.57,4.24,99.54,18.643,17.4,14.054,428.8,0.212,4.308
820,UnitForm,Mound Transition,46,0.858,0.285,1.479,39.49,9.061,4.4,11.411,416.8,0.084,10.561
820,UnitForm,Plane,18,5.241,2.28,8.384,94.33,34.744,18.7,51.022,625.4,0.201,6.629
820,UnitForm,Trough,17,5.601,3.03,5.546,95.21,32.047,25.2,23.809,544.8,0.203,5.722
820,UnitForm,Wall,19,2.873,2.1,3.27,54.59,20.463,14.8,21.783,388.8,0.116,7.123
85,UnitForm,Bowl,18,1.409,0.915,1.39,25.36,5.867,4.5,3.53,105.6,0.066,4.164
85,UnitForm,Bowl Transition,19,2.047,1.34,1.977,38.9,10.411,8.4,6.815,197.8,0.102,5.086
85,UnitForm,Mound,29,3.107,0.89,4.548,90.11,12.841,6.6,14.777,372.4,0.236,4.133
85,UnitForm,Mound Transition,38,0.937,0.405,1.188,35.62,10.668,6.1,10.701,405.4,0.093,11.385
85,UnitForm,Plane,14,5.244,1.805,8.602,73.41,35.114,18.8,45.497,491.6,0.192,6.696
85,UnitForm,Saddle,4,3.092,2.555,1.854,12.37,10.7,10.6,3.309,42.8,0.032,3.461
85,UnitForm,Trough,20,3.547,1.815,3.283,70.94,22.57,17.3,16.956,451.4,0.186,6.363
85,UnitForm,Wall,16,2.188,1.51,2.062,35.01,16.588,11.7,14.046,265.4,0.092,7.581
895,UnitForm,Bowl,15,18.584,10.75,19.861,278.76,21.947,16.8,15.881,329.2,0.111,1.181
895,UnitForm,Bowl Transition,22,6.944,1.745,10.515,152.77,21.3,17.4,20.116,468.6,0.061,3.067
895,UnitForm,Mound,26,20.178,5.455,27.9,524.64,30.585,18.4,32.256,795.2,0.209,1.516
895,UnitForm,Mound Transition,28,7.345,1.97,14.269,205.66,34.321,15.5,42.066,961,0.082,4.673
895,UnitForm,Plane,11,38.647,19.34,44.753,425.12,113.673,87.2,94.198,1250.4,0.17,2.941
895,UnitForm,Saddle,6,34.232,32.63,21.248,205.39,37.6,38.2,15.55,225.6,0.082,1.098
895,UnitForm,Trough,15,30.019,13.65,41.961,450.28,73.213,47.4,92.795,1098.2,0.18,2.439
895,UnitForm,Wall,12,22.044,8.66,24.846,264.53,73.617,43.8,75.434,883.4,0.106,3.34
916,UnitForm,Bowl,16,28.877,16.405,44.505,462.03,30.263,18.9,34.85,484.2,0.09,1.048
916,UnitForm,Bowl Transition,16,24.454,10.59,45.372,391.27,42.825,18.5,69.981,685.2,0.076,1.751
916,UnitForm,Mound,18,53.752,31.555,73.445,967.54,77.444,65.2,66.242,1394,0.188,1.441
916,UnitForm,Mound Transition,30,13.393,3.39,21.27,401.8,53.993,17.3,76.467,1619.8,0.078,4.031
916,UnitForm,Plane,19,45.54,7.49,91.777,865.26,99.632,31.6,136.794,1893,0.168,2.188
916,UnitForm,Saddle,2,269.27,269.27,86.196,538.54,164.6,164.6,69.014,329.2,0.105,0.611
916,UnitForm,Trough,12,79.772,14.005,183.087,957.26,135.367,59.8,156.681,1624.4,0.186,1.697
916,UnitForm,Wall,11,51.598,51.76,45.794,567.58,131.964,143.8,117.384,1451.6,0.11,2.558
920,UnitForm,Bowl,13,9.332,5.98,9.005,121.32,19.262,16.4,14.565,250.4,0.113,2.064
920,UnitForm,Bowl Transition,22,3.235,1.705,3.823,71.18,13.282,12.2,10.505,292.2,0.066,4.106
920,UnitForm,Mound,33,6.004,3.53,6.491,198.12,21.879,16.4,18.034,722,0.184,3.644
920,UnitForm,Mound Transition,46,1.85,0.675,2.627,85.08,13.661,7.4,14.544,628.4,0.079,7.384
920,UnitForm,Plane,20,9.69,3.08,17.077,193.8,43.85,23.5,57.339,877,0.18,4.525
920,UnitForm,Saddle,6,14.455,15.5,7.695,86.73,26.567,28.5,9.584,159.4,0.08,1.838
920,UnitForm,Trough,24,7.78,3.465,9.756,186.73,33.308,25.6,27.111,799.4,0.173,4.281
920,UnitForm,Wall,16,8.411,5.72,6.934,134.58,40.188,31.8,26.345,643,0.125,4.778
937,UnitForm,Bowl,24,1.733,1.23,1.468,41.59,6.925,5.7,3.341,166.2,0.059,3.996
937,UnitForm,Bowl Transition,34,2.296,1.075,2.576,78.05,11.506,8.9,9.2,391.2,0.111,5.011
937,UnitForm,Mound,54,2.982,1.205,4.229,161.02,12.381,7.8,12.472,668.6,0.228,4.152
937,UnitForm,Mound Transition,72,0.918,0.46,1.27,66.12,9.533,4.9,10.679,686.4,0.094,10.385
937,UnitForm,Plane,19,7.219,4.01,9.434,137.17,47.811,37.4,53.493,908.4,0.195,6.623
937,UnitForm,Saddle,4,4.26,4.545,1.364,17.04,12.1,12.5,2.414,48.4,0.024,2.84
937,UnitForm,Trough,21,6.053,2.52,7.355,127.12,35.99,20,39.817,755.8,0.18,5.946
937,UnitForm,Wall,24,3.212,1.96,3.711,77.09,23.05,14.7,24.492,553.2,0.109,7.176
